id,Umsatz_pred
1808011,124.200096
1808012,513.8608
1808013,245.20547
1808014,77.95738
1808015,277.9713
1808021,138.20157
1808022,530.2
1808023,259.07025
1808024,72.579346
1808025,274.52222
1808031,133.47867
1808032,546.1385
1808033,274.25534
1808034,73.362015
1808035,289.58856
1808041,173.43314
1808042,653.61774
1808043,356.78714
1808044,66.360825
1808045,356.9778
1808051,75.88584
1808052,637.508
1808053,304.26093
1808054,106.96013
1808055,365.88077
1808061,143.40176
1808062,478.5056
1808063,214.58702
1808064,77.11699
1808065,268.7292
1808071,121.35496
1808072,535.3872
1808073,232.79285
1808074,63.386044
1808075,259.28116
1808081,135.84966
1808082,554.65656
1808083,260.2958
1808084,69.1559
1808085,310.88586
1808091,152.6958
1808092,554.71497
1808093,277.03723
1808094,71.03238
1808095,331.38666
1808101,158.84648
1808102,570.77924
1808103,289.52475
1808104,77.72431
1808105,347.36688
1808111,183.72139
1808112,630.73016
1808113,343.86212
1808114,67.98833
1808115,384.43427
1808121,75.221375
1808122,610.19183
1808123,278.317
1808124,106.48686
1808125,354.23935
1808131,148.93307
1808132,500.52487
1808133,222.83047
1808134,84.207405
1808135,305.78537
1808141,133.57724
1808142,538.2111
1808143,257.85037
1808144,77.18837
1808145,338.34717
1808151,137.60951
1808152,543.53485
1808153,258.6994
1808154,76.08783
1808155,335.21863
1808161,141.80263
1808162,533.9277
1808163,263.0536
1808164,73.50738
1808165,290.69156
1808171,151.86938
1808172,570.5902
1808173,288.17383
1808174,74.47218
1808175,346.88568
1808181,173.46582
1808182,633.3216
1808183,334.60907
1808184,63.9462
1808185,363.18607
1808191,75.0152
1808192,615.1833
1808193,279.5833
1808194,102.737785
1808195,354.73315
1808201,148.81622
1808202,496.31042
1808203,228.29459
1808204,82.004234
1808205,314.6334
1808211,124.18408
1808212,495.6042
1808213,229.87347
1808214,75.93974
1808215,314.15564
1808221,121.48775
1808222,493.84366
1808223,212.97766
1808224,64.97481
1808225,287.0902
1808231,151.26295
1808232,540.7137
1808233,262.60196
1808234,71.545265
1808235,333.5768
1808241,157.40605
1808242,562.87775
1808243,282.00513
1808244,79.984924
1808245,348.54608
1808251,171.18097
1808252,589.45496
1808253,285.46164
1808254,71.993546
1808255,363.69543
1808261,75.88762
1808262,599.4045
1808263,270.15448
1808264,133.88432
1808265,362.6109
1808271,157.08145
1808272,511.43695
1808273,229.74966
1808274,83.05473
1808275,332.2005
1808281,133.8598
1808282,504.213
1808283,225.55095
1808284,81.10075
1808285,320.83435
1808291,122.57022
1808292,500.61606
1808293,232.6398
1808294,76.76956
1808295,288.52924
1808301,160.90764
1808302,544.9861
1808303,262.24384
1808304,72.413376
1808305,340.50925
1808311,141.30597
1808312,534.82306
1808313,253.48029
1808314,80.95764
1808315,325.02316
1809011,150.55687
1809012,505.27057
1809013,220.2573
1809014,72.90344
1809015,322.9574
1809021,71.71213
1809022,532.9479
1809023,226.3827
1809024,132.13455
1809025,302.4657
1809031,138.62848
1809032,376.3471
1809033,176.6316
1809034,77.327255
1809035,262.342
1809041,111.33957
1809042,384.29962
1809043,171.94702
1809044,74.814026
1809045,268.6019
1809051,112.232254
1809052,369.0935
1809053,135.92639
1809054,70.50519
1809055,257.59198
1809061,124.29575
1809062,377.63843
1809063,134.8991
1809064,67.35083
1809065,254.33194
1809071,131.69302
1809072,378.82867
1809073,143.00778
1809074,76.30734
1809075,299.70755
1809081,151.05441
1809082,486.06012
1809083,199.71822
1809084,71.81357
1809085,325.3321
1809091,69.1181
1809092,513.04626
1809093,203.04936
1809094,106.39566
1809095,301.16995
1809101,134.57623
1809102,367.27194
1809103,161.78786
1809104,73.544525
1809105,278.6791
1809111,111.86453
1809112,348.01135
1809113,147.35765
1809114,75.30861
1809115,274.70367
1809121,119.83355
1809122,338.21872
1809123,138.44864
1809124,73.10806
1809125,278.88992
1809131,127.46132
1809132,371.28708
1809133,131.88321
1809134,74.359184
1809135,256.66492
1809141,129.5654
1809142,378.16016
1809143,145.27463
1809144,75.92739
1809145,296.05838
1809151,149.04622
1809152,491.42706
1809153,208.43834
1809154,72.22464
1809155,324.50583
1809161,70.09609
1809162,515.18866
1809163,201.69882
1809164,114.786606
1809165,300.6047
1809171,135.33856
1809172,364.31955
1809173,158.24081
1809174,72.17462
1809175,278.40048
1809181,112.0565
1809182,357.26218
1809183,150.55011
1809184,70.70424
1809185,277.66406
1809191,119.26956
1809192,344.53796
1809193,144.832
1809194,68.81209
1809195,283.39114
1809201,134.35974
1809202,348.81006
1809203,143.80882
1809204,68.14729
1809205,292.56604
1809211,133.74019
1809212,367.64185
1809213,138.58365
1809214,76.25474
1809215,294.43918
1809221,142.72374
1809222,460.59906
1809223,185.73071
1809224,82.605194
1809225,271.29443
1809231,67.922424
1809232,486.50647
1809233,171.90262
1809234,101.44922
1809235,227.08488
1809241,136.43414
1809242,350.37964
1809243,158.08005
1809244,90.426254
1809245,199.7733
1809251,109.71182
1809252,331.06647
1809253,122.30058
1809254,74.747
1809255,187.7761
1809261,116.47874
1809262,328.0387
1809263,128.68971
1809264,72.22482
1809265,227.26534
1809271,126.14282
1809272,352.2619
1809273,130.06479
1809274,72.277176
1809275,221.62889
1809281,128.668
1809282,343.33435
1809283,131.57607
1809284,79.890884
1809285,179.55031
1809291,138.43486
1809292,445.45526
1809293,170.53207
1809294,69.188896
1809295,259.49854
1809301,72.0943
1809302,492.59766
1809303,185.4231
1809304,131.6689
1809305,225.38936
1810011,130.37076
1810012,312.1004
1810013,126.62
1810014,70.28371
1810015,168.14114
1810021,107.53
1810022,316.76712
1810023,112.09108
1810024,70.48311
1810025,150.9397
1810031,111.631195
1810032,295.41278
1810033,116.27213
1810034,70.11104
1810035,172.29779
1810041,119.39016
1810042,314.03836
1810043,124.22481
1810044,69.30215
1810045,166.79758
1810051,126.68614
1810052,344.32303
1810053,134.68921
1810054,74.95648
1810055,174.389
1810061,139.72076
1810062,430.11792
1810063,171.3956
1810064,85.15817
1810065,181.24168
1810071,71.81392
1810072,494.92944
1810073,175.63338
1810074,144.7937
1810075,219.07199
1810081,138.82147
1810082,364.52142
1810083,153.26707
1810084,81.218575
1810085,195.26187
1810091,111.708466
1810092,368.8642
1810093,156.03523
1810094,72.413864
1810095,177.85188
1810101,119.07698
1810102,389.80957
1810103,163.79715
1810104,84.31363
1810105,181.31631
1810111,127.55133
1810112,373.72354
1810113,156.39424
1810114,74.16972
1810115,157.54044
1810121,133.42424
1810122,389.33606
1810123,171.08536
1810124,86.23569
1810125,163.65903
1810131,146.16974
1810132,473.4301
1810133,225.42334
1810134,104.96615
1810135,176.98907
1810141,73.944
1810142,510.16855
1810143,232.25157
1810144,127.71965
1810145,189.19739
1810151,132.86511
1810152,361.64124
1810153,151.17482
1810154,75.858765
1810155,154.86276
1810161,111.02652
1810162,382.52103
1810163,155.41797
1810164,78.83651
1810165,170.27298
1810171,115.487015
1810172,396.23843
1810173,166.57202
1810174,84.47087
1810175,161.19205
1810181,140.26822
1810182,363.3589
1810183,156.40546
1810184,79.257385
1810185,198.69997
1810191,128.94214
1810192,362.06458
1810193,155.61465
1810194,67.983864
1810195,197.31708
1810201,147.12416
1810202,455.06912
1810203,200.21725
1810204,84.82651
1810205,207.59244
1810211,67.708824
1810212,475.39166
1810213,175.23209
1810214,140.04651
1810215,203.28302
1810221,122.75081
1810222,294.32062
1810223,116.25133
1810224,67.71778
1810225,157.19003
1810231,107.380325
1810232,305.31702
1810233,109.85664
1810234,72.20732
1810235,138.80884
1810241,106.61557
1810242,290.59436
1810243,108.505226
1810244,66.23455
1810245,164.90863
1810251,126.737144
1810252,289.14737
1810253,115.591034
1810254,67.20768
1810255,169.03033
1810261,112.03519
1810262,312.56824
1810263,107.334305
1810264,67.229324
1810265,171.29623
1810271,126.43184
1810272,389.01697
1810273,135.87271
1810274,73.73918
1810275,167.28062
1810281,74.54099
1810282,466.60492
1810283,175.22058
1810284,146.89905
1810285,202.7047
1810291,124.14774
1810292,292.60474
1810293,112.73533
1810294,71.564255
1810295,155.79797
1810301,105.07619
1810302,291.72284
1810303,106.42935
1810304,65.35539
1810305,177.08069
1811011,115.32741
1811012,276.21417
1811013,105.16873
1811014,64.7177
1811015,186.53441
1811016,47.30807
1811021,106.20978
1811022,285.9694
1811023,92.78064
1811024,63.06043
1811025,196.44243
1811026,40.379246
1811031,130.42734
1811032,377.5396
1811033,141.7843
1811034,74.98667
1811035,211.08325
1811036,53.935535
1811041,67.93548
1811042,456.4231
1811043,157.5286
1811044,114.49592
1811045,214.96465
1811046,49.49866
1811051,114.982346
1811052,263.725
1811053,99.7083
1811054,62.10554
1811055,178.65903
1811056,37.6906
1811061,97.29639
1811062,258.77988
1811063,89.47354
1811064,59.030537
1811065,184.77872
1811066,37.13811
1811071,103.84351
1811072,278.66675
1811073,106.49143
1811074,61.85622
1811075,193.2322
1811076,41.744907
1811081,113.319244
1811082,281.67593
1811083,103.37827
1811084,59.838406
1811085,191.09789
1811086,46.085865
1811091,104.019875
1811092,284.20563
1811093,91.34361
1811094,64.14059
1811095,190.2873
1811096,41.959164
1811101,115.805984
1811102,374.45895
1811103,132.95113
1811104,66.809784
1811105,196.13757
1811106,42.81271
1811111,62.865063
1811112,450.11487
1811113,159.80098
1811114,116.36201
1811115,199.64796
1811116,33.93221
1811121,110.240265
1811122,263.00134
1811123,99.50759
1811124,66.52385
1811125,161.82098
1811126,29.83192
1811131,98.19168
1811132,271.9699
1811133,92.40239
1811134,60.934578
1811135,176.8131
1811136,34.292538
1811141,100.987366
1811142,258.69318
1811143,91.14041
1811144,57.388905
1811145,186.43292
1811146,44.010544
1811151,115.13388
1811152,277.70587
1811153,102.7137
1811154,61.981007
1811155,192.78488
1811156,46.32301
1811161,112.690994
1811162,283.38443
1811163,95.9956
1811164,62.94228
1811165,195.13782
1811166,48.558735
1811171,124.72891
1811172,351.32147
1811173,126.162384
1811174,77.40125
1811175,219.07632
1811176,61.33967
1811181,66.61834
1811182,455.7476
1811183,176.23611
1811184,140.57436
1811185,218.28476
1811186,48.052967
1811191,115.552895
1811192,259.6948
1811193,97.348694
1811194,67.5844
1811195,171.19293
1811196,36.603382
1811201,96.279945
1811202,264.77002
1811203,87.97064
1811204,61.96972
1811205,173.64143
1811206,38.122036
1811211,101.19416
1811212,263.1632
1811213,102.35431
1811214,64.11204
1811215,180.02133
1811216,47.066307
1811221,104.7323
1811222,256.53107
1811223,91.75502
1811224,57.463177
1811225,176.79245
1811226,52.19652
1811231,101.65021
1811232,268.13147
1811233,89.3652
1811234,59.76994
1811235,170.5571
1811236,45.225307
1811241,116.35936
1811242,348.87466
1811243,115.650925
1811244,65.945435
1811245,186.64789
1811246,55.463673
1811251,59.886806
1811252,440.2002
1811253,150.34802
1811254,117.632385
1811255,206.0647
1811256,42.712364
1811261,107.07562
1811262,250.1788
1811263,93.24427
1811264,63.759712
1811265,165.15758
1811266,34.21051
1811271,94.34426
1811272,243.53577
1811273,85.26207
1811274,62.736687
1811275,161.99353
1811276,38.14083
1811281,99.553505
1811282,245.25674
1811283,85.531
1811284,58.54557
1811285,189.23405
1811286,53.412575
1811291,103.82095
1811292,261.56815
1811293,87.01202
1811294,60.608826
1811295,190.25891
1811296,60.408596
1811301,102.78543
1811302,274.47855
1811303,87.45671
1811304,62.32845
1811305,196.79654
1811306,50.003376
1812011,103.702896
1812012,356.40906
1812013,109.457855
1812014,65.79198
1812015,199.50342
1812016,73.15292
1812021,60.44941
1812022,438.16345
1812023,157.36668
1812024,116.0024
1812025,203.91
1812026,52.838524
1812031,104.123764
1812032,237.93875
1812033,87.59659
1812034,62.109894
1812035,162.16344
1812036,40.497173
1812041,93.60819
1812042,260.82062
1812043,86.87688
1812044,72.404465
1812045,203.4792
1812046,65.756714
1812051,97.66916
1812052,249.3772
1812053,90.08365
1812054,61.545914
1812055,190.41196
1812056,80.860344
1812061,100.91267
1812062,254.76553
1812063,79.37128
1812064,63.927723
1812065,193.3927
1812066,83.57533
1812071,97.91564
1812072,260.4243
1812073,78.170166
1812074,61.477497
1812075,195.75148
1812076,66.593094
1812081,108.103485
1812082,355.4726
1812083,104.42551
1812084,69.63634
1812085,200.9322
1812086,62.07123
1812091,55.716736
1812092,444.59796
1812093,150.3421
1812094,131.6708
1812095,214.4661
1812096,51.90761
1812101,108.23384
1812102,228.89233
1812103,87.82213
1812104,63.991924
1812105,179.69626
1812106,52.747635
1812111,91.63258
1812112,243.34029
1812113,79.07345
1812114,60.758984
1812115,180.22343
1812116,56.974323
1812121,95.704384
1812122,240.6725
1812123,77.68017
1812124,58.97998
1812125,179.45691
1812126,62.42774
1812131,100.59491
1812132,251.81876
1812133,78.24189
1812134,61.60641
1812135,191.34885
1812136,90.87441
1812141,100.07428
1812142,252.61522
1812143,81.40675
1812144,58.264473
1812145,177.70892
1812146,65.667114
1812151,101.31707
1812152,337.47223
1812153,99.87983
1812154,67.47987
1812155,192.69624
1812156,84.37113
1812161,62.035553
1812162,431.59616
1812163,149.64474
1812164,119.45181
1812165,209.7987
1812166,67.2838
1812171,101.51534
1812172,227.80077
1812173,82.694176
1812174,60.334705
1812175,158.62788
1812176,45.762394
1812181,91.348
1812182,231.08818
1812183,75.520424
1812184,58.90931
1812185,170.63692
1812186,50.24915
1812191,94.85887
1812192,241.61572
1812193,77.532585
1812194,60.61148
1812195,182.35349
1812196,73.535805
1812201,98.482025
1812202,245.60239
1812203,77.479996
1812204,63.98697
1812205,183.63792
1812206,78.30237
1812211,95.06842
1812212,249.6687
1812213,74.564926
1812214,61.20016
1812215,191.70361
1812216,76.07614
1812221,118.111115
1812222,365.92914
1812223,119.47334
1812224,67.965576
1812225,116.353424
1812226,38.09355
1812231,53.69555
1812232,442.66235
1812233,163.61531
1812234,106.52482
1812235,144.58661
1812236,40.309727
1812241,127.101166
1812242,266.4333
1812243,88.640236
1812244,62.33866
1812245,107.5728
1812246,43.693966
1812271,126.77871
1812272,288.31586
1812273,93.24618
1812274,59.688114
1812275,127.70738
1812276,41.9475
1812281,113.70086
1812282,282.96515
1812283,80.52422
1812284,61.029873
1812285,125.54398
1812286,45.469193
1812291,128.58997
1812292,371.12827
1812293,120.658005
1812294,64.10147
1812295,125.657425
1812301,56.121826
1812302,460.0218
1812303,168.8964
1812304,116.418915
1812305,174.42325
1812311,142.64442
1812312,366.25543
1812313,153.03976
1812315,103.3638
1901021,94.1023
1901022,265.64996
1901023,88.44357
1901024,75.29975
1901025,229.5669
1901031,105.27818
1901032,245.49945
1901033,83.50792
1901034,67.4951
1901035,230.10869
1901041,97.06717
1901042,262.4636
1901043,84.393196
1901044,66.26238
1901045,229.82002
1901051,109.59541
1901052,335.51422
1901053,105.12939
1901054,88.93643
1901055,257.06635
1901061,47.60006
1901062,403.7135
1901063,127.27243
1901064,120.08966
1901065,273.76086
1901071,107.133026
1901072,233.5433
1901073,87.52612
1901074,64.397545
1901075,196.41585
1901081,94.768715
1901082,249.25136
1901083,88.6087
1901084,76.80453
1901085,212.62476
1901091,90.10873
1901092,236.34406
1901093,85.32514
1901094,69.075615
1901095,219.38857
1901101,101.813736
1901102,239.14494
1901103,83.211685
1901104,63.418636
1901105,225.79843
1901111,99.33706
1901112,269.6319
1901113,85.807755
1901114,66.42706
1901115,232.58981
1901121,100.32054
1901122,332.74408
1901123,101.55963
1901124,79.94188
1901125,256.2081
1901131,52.63981
1901132,438.99426
1901133,136.17221
1901134,126.45828
1901135,268.38055
1901141,112.18931
1901142,255.79071
1901143,90.16963
1901144,72.92653
1901145,221.31668
1901151,84.549286
1901152,236.33838
1901153,83.29799
1901154,68.237625
1901155,214.97163
1901161,89.67186
1901162,234.86462
1901163,84.49788
1901164,66.5995
1901165,222.48042
1901171,95.52211
1901172,234.25882
1901173,80.31246
1901174,62.52087
1901175,219.16966
1901181,101.839584
1901182,259.80014
1901183,83.050964
1901184,70.47308
1901185,230.33617
1901191,106.69513
1901192,338.05002
1901193,107.75133
1901194,95.926926
1901195,281.20618
1901201,66.49428
1901202,416.1244
1901203,153.1459
1901204,146.47119
1901205,303.06396
1901211,102.66232
1901212,236.39412
1901213,82.41405
1901214,61.988434
1901215,204.41711
1901221,98.32077
1901222,250.35074
1901223,83.789
1901224,70.2795
1901225,227.06049
1901231,100.831505
1901232,243.04416
1901233,81.2493
1901234,67.1322
1901235,238.99896
1901241,103.162445
1901242,239.51683
1901243,79.853455
1901244,57.72062
1901245,215.6009
1901251,90.32567
1901252,248.87097
1901253,78.46161
1901254,62.239513
1901255,227.00006
1901261,105.16258
1901262,325.56622
1901263,104.02861
1901264,79.45754
1901265,257.34912
1901271,46.619488
1901272,390.28513
1901273,127.21024
1901274,116.66868
1901275,269.26315
1901281,105.646545
1901282,223.56593
1901283,85.23645
1901284,63.31335
1901285,186.44487
1901291,94.36215
1901292,239.29819
1901293,82.031494
1901294,66.30989
1901295,226.32986
1901301,92.60419
1901302,238.45581
1901303,81.317566
1901304,63.765816
1901305,231.09564
1901311,103.83992
1901312,242.5534
1901313,81.37201
1901314,62.151047
1901315,227.88113
1902011,103.890045
1902012,262.50433
1902013,84.4548
1902014,63.33176
1902015,237.8678
1902021,112.1667
1902022,325.50473
1902023,108.72519
1902024,84.18703
1902025,260.88333
1902031,69.92215
1902032,429.0733
1902033,159.48965
1902034,148.27014
1902035,298.2802
1902041,100.65575
1902042,233.18088
1902043,82.06263
1902044,61.599804
1902045,203.92552
1902051,89.90294
1902052,232.62787
1902053,80.33833
1902054,65.34155
1902055,218.08946
1902061,91.00183
1902062,229.02655
1902063,81.40971
1902064,63.90315
1902065,224.31955
1902071,104.67808
1902072,243.51721
1902073,86.87687
1902074,66.92169
1902075,222.7533
1902081,103.279144
1902082,263.98505
1902083,89.52663
1902084,70.93237
1902085,236.4016
1902091,100.301865
1902092,331.52106
1902093,108.765015
1902094,83.50631
1902095,260.2369
1902101,53.527668
1902102,403.45282
1902103,129.47067
1902104,121.38945
1902105,285.01636
1902111,102.61155
1902112,252.0038
1902113,87.40134
1902114,68.27608
1902115,223.38542
1902121,99.681046
1902122,254.75269
1902123,88.261566
1902124,73.39651
1902125,236.14587
1902131,102.69319
1902132,241.2414
1902133,88.90193
1902134,71.80537
1902135,222.65352
1902141,118.11818
1902142,259.46866
1902143,93.80881
1902144,73.8745
1902145,240.93884
1902151,117.018906
1902152,290.69006
1902153,99.228004
1902154,79.04443
1902155,238.36522
1902161,116.48882
1902162,377.331
1902163,133.59937
1902164,103.24785
1902165,279.40222
1902171,71.96106
1902172,409.37695
1902173,156.2409
1902174,131.79689
1902175,297.77222
1902181,123.45972
1902182,278.01776
1902183,93.99423
1902184,70.72215
1902185,218.80157
1902191,86.89011
1902192,230.77919
1902193,81.25754
1902194,66.39357
1902195,216.12384
1902201,94.91696
1902202,236.74297
1902203,85.61607
1902204,66.211464
1902205,220.86475
1902211,104.155014
1902212,244.01526
1902213,88.04416
1902214,67.48581
1902215,220.26062
1902221,102.03516
1902222,250.25542
1902223,85.555466
1902224,70.64375
1902225,235.78941
1902231,107.03264
1902232,329.62152
1902233,107.85494
1902234,81.26338
1902235,261.37463
1902241,72.025604
1902242,434.93954
1902243,170.51535
1902244,152.51862
1902245,316.06467
1902251,130.50308
1902252,274.1654
1902253,95.159485
1902254,77.99602
1902255,231.72122
1902261,121.11509
1902262,280.1294
1902263,103.224594
1902264,89.28935
1902265,249.80344
1902271,119.354614
1902272,267.62988
1902273,104.85878
1902274,87.6091
1902275,241.95303
1902281,114.27624
1902282,255.6807
1902283,90.67166
1902284,68.90036
1902285,234.25935
1903011,104.24847
1903012,253.3851
1903013,91.096344
1903014,72.57486
1903015,234.06863
1903021,105.58472
1903022,325.2705
1903023,105.14566
1903024,76.63861
1903025,260.53967
1903031,52.63039
1903032,426.80188
1903033,135.5799
1903034,129.30531
1903035,295.79343
1903041,100.9596
1903042,242.03584
1903043,87.602295
1903044,64.75227
1903045,210.17258
1903051,87.83806
1903052,240.45976
1903053,83.215576
1903054,65.74817
1903055,227.08936
1903061,97.26181
1903062,232.17323
1903063,86.751686
1903064,64.92496
1903065,221.1995
1903071,105.30611
1903072,235.80266
1903073,86.88519
1903074,63.933865
1903075,216.09503
1903081,102.85628
1903082,266.4555
1903083,93.78729
1903084,71.981064
1903085,248.99725
1903091,104.15802
1903092,343.11148
1903093,130.30179
1903094,82.03676
1903095,272.12686
1903101,60.437183
1903102,419.30762
1903103,138.7067
1903104,130.10861
1903105,294.96286
1903111,110.77297
1903112,240.60481
1903113,84.371864
1903114,58.929836
1903115,210.7026
1903121,90.13963
1903122,234.78816
1903123,81.66645
1903124,63.372044
1903125,223.00142
1903131,90.52815
1903132,222.08514
1903133,82.46498
1903134,62.83946
1903135,220.89804
1903141,104.77968
1903142,235.89395
1903143,84.17465
1903144,64.54411
1903145,221.52396
1903151,104.544815
1903152,264.27075
1903153,93.86819
1903154,69.89664
1903155,243.04173
1903161,104.50946
1903162,327.78036
1903163,105.828896
1903164,77.633194
1903165,263.73322
1903171,59.88556
1903172,445.22772
1903173,142.69754
1903174,156.25937
1903175,314.66882
1903181,99.75468
1903182,241.22548
1903183,87.89792
1903184,65.58975
1903185,219.39267
1903191,104.38985
1903192,261.36536
1903193,92.4142
1903194,71.57419
1903195,241.04942
1903211,141.76947
1903212,285.49734
1903213,108.95596
1903214,70.98121
1903215,218.54752
1903221,127.497406
1903222,310.2938
1903223,107.052475
1903224,69.39929
1903225,230.95163
1903231,130.5936
1903232,381.4771
1903233,142.22655
1903234,82.31839
1903235,255.84662
1903241,64.73665
1903242,451.99335
1903243,156.084
1903244,136.39178
1903245,292.02322
1903251,119.37502
1903252,266.2879
1903253,98.79913
1903254,65.235
1903255,213.12738
1903261,109.78638
1903262,272.0431
1903263,103.73754
1903264,73.107445
1903265,217.69397
1903271,101.12778
1903272,247.95819
1903273,91.89913
1903274,66.5687
1903275,216.49014
1903281,137.89444
1903282,292.79584
1903283,111.60174
1903284,71.7278
1903285,219.2633
1903291,126.50687
1903292,306.95947
1903293,101.83023
1903294,65.06029
1903295,228.69589
1903301,123.77042
1903302,401.63824
1903303,166.99777
1903304,79.27979
1903305,250.35236
1903311,61.088806
1903312,465.75333
1903313,164.37836
1903314,141.74745
1903315,314.52493
1904011,118.688194
1904012,283.15894
1904013,100.222885
1904014,64.15652
1904015,226.47308
1904021,113.64586
1904022,293.20538
1904023,105.22557
1904024,68.961945
1904025,231.25754
1904041,124.13918
1904042,283.31183
1904043,103.324394
1904044,61.889698
1904045,221.25952
1904051,121.68292
1904052,304.64822
1904053,100.97214
1904054,63.511673
1904055,235.31192
1904061,119.38295
1904062,409.05826
1904063,163.85631
1904064,73.90115
1904065,265.18103
1904071,62.99641
1904072,479.51202
1904073,178.4124
1904074,121.33606
1904075,303.99518
1904081,118.14862
1904082,279.31863
1904083,100.160065
1904084,65.33162
1904085,224.56003
1904091,103.95373
1904092,282.3608
1904093,99.47503
1904094,69.63548
1904095,247.19861
1904101,105.48283
1904102,268.24365
1904103,94.644485
1904104,64.5211
1904105,244.83653
1904111,136.23123
1904112,296.09735
1904113,114.51728
1904114,63.827114
1904115,226.94147
1904121,118.58979
1904122,293.09674
1904123,97.691284
1904124,60.939335
1904125,235.98657
1904131,114.51013
1904132,362.10913
1904133,132.55484
1904134,74.37053
1904135,267.2135
1904141,52.84011
1904142,443.57086
1904143,130.12097
1904144,115.43362
1904145,294.84882
1904151,118.340485
1904152,280.21686
1904153,101.71386
1904154,63.79201
1904155,219.75183
1904161,103.348236
1904162,283.21176
1904163,98.94921
1904164,70.27539
1904165,246.99599
1904171,108.43414
1904172,277.79977
1904173,98.597786
1904174,65.493576
1904175,232.21005
1904181,122.70184
1904182,278.81833
1904183,100.24982
1904184,62.36372
1904185,222.89938
1904201,120.32701
1904202,409.73978
1904203,169.40176
1904204,73.58033
1904205,262.93912
1904211,64.56019
1904212,479.08667
1904213,187.14566
1904214,117.17467
1904215,295.58783
1904221,123.054306
1904222,288.59064
1904223,103.59485
1904224,67.16968
1904225,212.43414
1904231,102.4086
1904232,284.19702
1904233,98.16694
1904234,71.71042
1904235,239.89764
1904241,123.5306
1904242,295.93256
1904243,112.2966
1904244,70.39047
1904245,208.97769
1904251,136.13495
1904252,318.51306
1904253,123.12459
1904254,75.81192
1904255,205.1884
1904261,97.97905
1904262,277.9317
1904263,83.52544
1904264,71.169624
1904265,189.82198
1904271,137.46135
1904272,397.29916
1904273,170.07039
1904274,73.423874
1904275,251.76001
1904281,53.4871
1904282,452.55975
1904283,146.93533
1904284,106.72515
1904285,286.64108
1904291,124.27013
1904292,284.2522
1904293,105.815125
1904294,63.538403
1904295,200.53519
1904301,113.60832
1904302,294.12402
1904303,111.32866
1904304,68.42612
1904305,225.00394
1905021,116.672295
1905022,292.16357
1905023,114.1056
1905024,65.008606
1905025,236.00906
1905031,131.48807
1905032,322.38406
1905033,127.40047
1905034,69.88778
1905035,257.28775
1905041,121.97906
1905042,424.7987
1905043,166.86095
1905044,72.65361
1905045,285.38705
1905051,63.767994
1905052,495.1136
1905053,173.2485
1905054,133.61829
1905055,327.6993
1905061,109.03024
1905062,291.03162
1905063,107.46988
1905064,65.63227
1905065,238.72104
1905071,108.67116
1905072,307.3307
1905073,110.94539
1905074,69.58382
1905075,244.5564
1905081,109.06912
1905082,294.87134
1905083,107.667755
1905084,63.217236
1905085,231.35388
1905091,126.18241
1905092,306.73294
1905093,114.09289
1905094,67.90582
1905095,234.26373
1905101,121.05519
1905102,306.23096
1905103,106.6213
1905104,68.232216
1905105,251.71361
1905111,123.01619
1905112,454.4909
1905113,176.29297
1905114,71.756615
1905115,290.88278
1905121,54.54948
1905122,520.8311
1905123,174.11917
1905124,121.444954
1905125,315.94012
1905131,117.84642
1905132,302.1065
1905133,111.41954
1905134,65.83445
1905135,227.58786
1905141,119.66358
1905142,311.99258
1905143,123.81096
1905144,76.04228
1905145,229.75056
1905151,112.74808
1905152,305.86978
1905153,111.5784
1905154,64.015495
1905155,231.09172
1905161,123.10014
1905162,303.62582
1905163,116.58824
1905164,64.51778
1905165,235.60382
1905171,135.71643
1905172,333.65192
1905173,125.58083
1905174,70.4895
1905175,254.17325
1905181,131.7038
1905182,453.7445
1905183,186.54013
1905184,65.61806
1905185,274.9049
1905191,54.699497
1905192,508.9836
1905193,177.41806
1905194,106.83632
1905195,302.5
1905201,120.403015
1905202,307.1677
1905203,115.33328
1905204,66.41716
1905205,212.73291
1905211,110.471695
1905212,304.027
1905213,112.80268
1905214,71.3911
1905215,224.21458
1905221,104.44861
1905222,289.11383
1905223,104.03236
1905224,62.025368
1905225,233.55196
1905231,135.3409
1905232,344.9657
1905233,119.822266
1905234,62.75844
1905235,239.446
1905241,126.05294
1905242,346.90887
1905243,123.63876
1905244,63.70928
1905245,265.5063
1905251,134.412
1905252,418.6492
1905253,191.9506
1905254,80.20381
1905255,274.75513
1905261,54.09061
1905262,495.18628
1905263,170.5178
1905264,106.626816
1905265,299.6784
1905271,127.840164
1905272,308.44684
1905273,118.39113
1905274,72.135544
1905275,218.82637
1905281,115.917496
1905282,313.72067
1905283,119.932205
1905284,72.70598
1905285,230.82791
1905291,113.359314
1905292,324.3636
1905293,127.20235
1905294,63.421314
1905295,242.4348
1905301,128.53645
1905302,304.73743
1905303,114.101776
1905304,67.50753
1905305,237.84424
1905311,137.08847
1905312,349.56622
1905313,129.41939
1905314,71.67671
1905315,251.62836
1906011,142.59357
1906012,503.15283
1906013,217.2958
1906014,49.63724
1906015,279.77975
1906021,58.08369
1906022,536.2662
1906023,216.47055
1906024,54.49634
1906025,287.49802
1906031,121.43212
1906032,363.5168
1906033,119.47915
1906034,60.201477
1906035,223.99237
1906041,109.20538
1906042,333.08514
1906043,123.54908
1906044,71.232704
1906045,242.34308
1906051,110.72155
1906052,360.40778
1906053,118.356224
1906054,57.918404
1906055,232.33548
1906061,125.60002
1906062,346.3371
1906063,126.56397
1906064,57.686687
1906065,245.49309
1906071,118.27686
1906072,360.71234
1906073,135.79755
1906074,60.53896
1906075,270.51028
1906081,144.00772
1906082,495.31906
1906083,216.5636
1906084,72.50882
1906085,278.63373
1906091,60.372063
1906092,536.9457
1906093,213.684
1906094,84.16631
1906095,305.58945
1906101,127.42582
1906102,334.59137
1906103,130.5953
1906104,75.02785
1906105,234.60579
1906111,100.13057
1906112,298.44574
1906113,96.116806
1906114,70.24043
1906115,209.51514
1906121,105.55072
1906122,298.56482
1906123,102.915436
1906124,68.741135
1906125,210.63026
1906131,118.90887
1906132,368.92804
1906133,129.75476
1906134,55.78039
1906135,240.52866
1906141,116.86736
1906142,376.96362
1906143,123.83243
1906144,60.01402
1906145,216.86328
1906151,137.26056
1906152,460.74323
1906153,152.77277
1906154,62.489582
1906155,243.20389
1906161,70.237976
1906162,549.18964
1906163,226.88855
1906164,80.827034
1906165,308.80487
1906171,126.00955
1906172,370.04
1906173,134.1601
1906174,64.013275
1906175,228.09204
1906181,99.27586
1906182,290.8343
1906183,104.21372
1906184,62.284504
1906185,205.95992
1906191,106.096375
1906192,375.0708
1906193,114.37149
1906194,51.642838
1906195,220.16089
1906201,120.83606
1906202,356.3299
1906203,120.72919
1906204,54.982506
1906205,244.60902
1906211,122.77642
1906212,358.42877
1906213,134.77135
1906214,65.21767
1906215,267.49628
1906221,159.00023
1906222,550.6486
1906223,238.5109
1906224,66.22125
1906225,296.0695
1906231,71.63255
1906232,599.63715
1906233,263.03973
1906234,89.629234
1906235,296.0052
1906241,143.45029
1906242,438.36548
1906243,159.68983
1906244,69.649574
1906245,282.18954
1906251,120.19763
1906252,402.40472
1906253,140.14275
1906254,62.577747
1906255,244.33844
1906261,124.89598
1906262,400.2088
1906263,153.68828
1906264,63.910744
1906265,265.83243
1906271,147.84315
1906272,446.6142
1906273,157.29437
1906274,68.2321
1906275,293.58203
1906281,143.18549
1906282,456.14014
1906283,161.05862
1906284,71.722466
1906285,265.1384
1906291,146.79889
1906292,538.5715
1906293,256.3897
1906294,67.07021
1906295,245.51234
1906301,73.29446
1906302,570.27216
1906303,269.7127
1906304,87.4409
1906305,289.7471
1907011,139.69704
1907012,447.28372
1907013,199.34322
1907014,75.4879
1907015,297.61426
1907021,116.03978
1907022,425.14923
1907023,192.30336
1907024,81.80881
1907025,295.8576
1907031,124.62828
1907032,441.9993
1907033,202.06967
1907034,73.132324
1907035,291.8593
1907041,133.89297
1907042,402.5197
1907043,170.47772
1907044,75.34388
1907045,296.10605
1907051,130.98837
1907052,426.6244
1907053,166.75018
1907054,74.54775
1907055,301.78177
1907061,158.46
1907062,545.3707
1907063,250.49501
1907064,68.889145
1907065,341.19415
1907071,71.17697
1907072,561.7927
1907073,234.52551
1907074,108.671936
1907075,343.38043
1907081,138.50519
1907082,413.06836
1907083,170.8353
1907084,84.16254
1907085,283.08783
1907091,119.61888
1907092,428.84192
1907093,190.84961
1907094,80.2847
1907095,287.87897
1907111,133.66803
1907112,419.0843
1907113,165.92566
1907114,69.706635
1907115,286.62286
1907121,128.14972
1907122,440.17236
1907123,164.84386
1907124,68.55806
1907125,293.72534
1907131,154.3057
1907132,555.9622
1907133,265.26196
1907134,67.161674
1907135,326.01343
1907141,71.59289
1907142,560.1576
1907143,247.79164
1907144,100.1481
1907145,334.9304
1907151,142.76859
1907152,434.0644
1907153,192.31647
1907154,81.40764
1907155,291.36975
1907161,118.519516
1907162,449.14224
1907163,209.7294
1907164,80.46884
1907165,289.9562
1907171,125.74783
1907172,467.34863
1907173,235.06384
1907174,69.283585
1907175,275.6104
1907181,136.37428
1907182,472.85324
1907183,227.55466
1907184,62.391277
1907185,278.74872
1907191,127.63112
1907192,450.4427
1907193,187.08212
1907194,63.76428
1907195,288.46985
1907201,144.57416
1907202,540.715
1907203,230.4274
1907204,60.941833
1907205,314.6394
1907211,75.48441
1907212,569.84705
1907213,251.45934
1907214,109.603836
1907215,350.75195
1907221,135.53577
1907222,400.28235
1907223,164.19122
1907224,87.964874
1907225,267.66745
1907231,114.09377
1907232,458.48303
1907233,223.38332
1907234,63.865307
1907235,255.47455
1907241,115.89583
1907242,474.95483
1907243,222.88422
1907244,58.618813
1907245,242.59792
1907251,136.01776
1907252,467.53223
1907253,174.1545
1907254,58.017315
1907255,251.39482
1907261,124.47622
1907262,455.6844
1907263,197.0654
1907264,55.3415
1907265,284.1685
1907271,159.09442
1907272,579.0496
1907273,289.39764
1907274,73.28297
1907275,332.1816
1907281,68.584
1907282,581.55524
1907283,264.1899
1907284,95.84277
1907285,333.2801
1907291,136.25452
1907292,433.07446
1907293,179.2472
1907294,75.54077
1907295,243.51561
1907301,118.00156
1907302,417.27646
1907303,173.88498
1907304,78.60434
1907305,272.23676
