id,Predicted_Umsatz
1808011,181.09026846881787
1808012,470.34923000614117
1808013,223.89790718788245
1808014,148.50153687118708
1808015,340.6448708769508
1808021,200.00089134472148
1808022,489.25985288204475
1808023,242.80853006378607
1808024,167.41215974709067
1808025,359.5554937528544
1808031,215.53430859493338
1808032,504.7932701322567
1808033,258.34194731399793
1808034,182.9455769973026
1808035,375.08891100306636
1808041,216.84791268433818
1808042,506.1068742216615
1808043,259.65555140340274
1808044,184.2591810867074
1808045,376.4025150924711
1808051,213.49564058035318
1808052,502.7546021176765
1808053,256.30327929941774
1808054,180.9069089827224
1808055,373.05024298848616
1808061,158.1553896197306
1808062,447.41435115705394
1808063,200.9630283387952
1808064,125.56665802209983
1808065,317.70999202786356
1808071,202.47123022742426
1808072,491.73019176474753
1808073,245.27886894648884
1808074,169.88249862979347
1808075,362.0258326355572
1808081,196.68762602957815
1808082,485.9465875669014
1808083,239.4952647486427
1808084,164.09889443194737
1808085,356.24222843771105
1808091,194.26852916427111
1808092,483.5274907015944
1808093,237.0761678833357
1808094,161.67979756664033
1808095,353.823131572404
1808101,178.78497895747256
1808102,468.04394049479583
1808103,221.59261767653712
1808104,146.19624735984178
1808105,338.3395813656055
1808111,182.58705035001861
1808112,471.8460118873419
1808113,225.39468906908317
1808114,149.99831875238783
1808115,342.14165275815157
1808121,203.097402206513
1808122,492.3563637438363
1808123,245.9050409255776
1808124,170.50867060888223
1808125,362.65200461464593
1808131,153.933882587616
1808132,443.1928441249393
1808133,196.7415213066806
1808134,121.34515098998523
1808135,313.48848499574893
1808141,163.82381148963262
1808142,453.0827730269559
1808143,206.63145020869717
1808144,131.2350798920018
1808145,323.37841389776554
1808151,174.78022637870973
1808152,464.03918791603303
1808153,217.5878650977743
1808154,142.19149478107894
1808155,334.33482878684265
1808161,196.046005809372
1808162,485.30496734669526
1808163,238.85364452843658
1808164,163.4572742117412
1808165,355.6006082175049
1808171,186.6947500281715
1808172,475.95371156549476
1808173,229.50238874723607
1808174,154.10601843054073
1808175,346.24935243630443
1808181,204.80550841377968
1808182,494.064469951103
1808183,247.61314713284426
1808184,172.2167768161489
1808185,364.36011082191266
1808191,213.80669899324585
1808192,503.0656605305692
1808193,256.6143377123104
1808194,181.21796739561503
1808195,373.3613014013788
1808201,145.71305310402443
1808202,434.9720146413477
1808203,188.52069182308898
1808204,113.12432150639364
1808205,305.2676555121574
1808211,156.66946799310156
1808212,445.92842953042486
1808213,199.47710671216612
1808214,124.08073639547075
1808215,316.2240704012345
1808221,191.31075917814798
1808222,480.56972071547125
1808223,234.11839789721253
1808224,158.7220275805172
1808225,350.86536158628087
1808231,187.15862258386758
1808232,476.4175841211908
1808233,229.96626130293214
1808234,154.56989098623677
1808235,346.71322499200045
1808241,177.98511446717717
1808242,467.2440760045004
1808243,220.79275318624173
1808244,145.3963828695464
1808245,337.5397168753101
1808251,173.34417179549402
1808252,462.60313333281726
1808253,216.15181051455858
1808254,140.7554401978632
1808255,332.89877420362694
1808261,198.16490451635806
1808262,487.42386605368137
1808263,240.97254323542265
1808264,165.57617291872725
1808265,357.719506924491
1808271,134.8260086527815
1808272,424.0849701901048
1808273,177.63364737184608
1808274,102.23727705515071
1808275,294.3806110609144
1808281,152.49239787711446
1808282,441.7513594144378
1808283,195.300036596179
1808284,119.90366627948367
1808285,312.0470002852474
1808291,177.3131305979785
1808292,466.5720921353018
1808293,220.12076931704306
1808294,144.72439900034772
1808295,336.8677330061114
1808301,161.87401730730747
1808302,451.1329788446307
1808303,204.68165602637205
1808304,129.28528570967666
1808305,321.4286197154404
1808311,183.76191356375503
1808312,473.02087510107833
1808313,226.56955228281961
1808314,151.17318196612425
1808315,343.316515971888
1809011,151.05030344138476
1809012,440.30926497870803
1809013,193.8579421604493
1809014,118.46157184375396
1809015,310.60490584951765
1809021,164.31743796909302
1809022,453.57639950641635
1809023,207.1250766881576
1809024,131.72870637146224
1809025,323.87204037722597
1809031,109.91036224714841
1809032,399.16932378447177
1809033,152.71800096621297
1809034,77.32163064951763
1809035,269.4649646552814
1809041,118.46718366533935
1809042,407.7261452026627
1809043,161.2748223844039
1809044,85.87845206770855
1809045,278.0217860734723
1809051,127.91274340608072
1809052,417.17170494340405
1809053,170.7203821251453
1809054,95.32401180844994
1809055,287.4673458142137
1809061,141.71312092731927
1809062,430.97208246464254
1809063,184.52075964638382
1809064,109.12438932968847
1809065,301.26772333545216
1809071,138.4941595717168
1809072,427.75312110904014
1809073,181.3017982907814
1809074,105.90542797408602
1809075,298.0487619798498
1809081,149.35362118924297
1809082,438.6125827265663
1809083,192.16125990830756
1809084,116.7648895916122
1809085,308.9082235973759
1809091,162.4914846882167
1809092,451.75044622554003
1809093,205.29912340728123
1809094,129.9027530905859
1809095,322.04608709634965
1809101,103.60032015704027
1809102,392.85928169436363
1809103,146.40795887610483
1809104,71.01158855940949
1809105,263.15492256517325
1809111,104.3362443367873
1809112,393.5952058741106
1809113,147.1438830558519
1809114,71.7475127391565
1809115,263.8908467449203
1809121,106.6274605809976
1809122,395.8864221183209
1809123,149.43509930006218
1809124,74.03872898336682
1809125,266.18206298913054
1809131,127.71549234714979
1809132,416.97445388447306
1809133,170.52313106621435
1809134,95.126760749519
1809135,287.27009475528274
1809141,137.2054890040187
1809142,426.464450541342
1809143,180.01312772308324
1809144,104.6167574063879
1809145,296.7600914121516
1809151,147.24818250558093
1809152,436.50714404290426
1809153,190.0558212246455
1809154,114.65945090795016
1809155,306.80278491371394
1809161,156.30220542473512
1809162,445.56116696205845
1809163,199.1098441437997
1809164,123.71347382710434
1809165,315.85680783286807
1809171,93.32720031373925
1809172,382.58616185106257
1809173,136.13483903280382
1809174,60.73846871610847
1809175,252.8818027218722
1809181,102.38122323289343
1809182,391.64018477021676
1809183,145.188861951958
1809184,69.79249163526264
1809185,261.9358256410264
1809191,111.43524615204761
1809192,400.69420768937096
1809193,154.24288487111218
1809194,78.84651455441683
1809195,270.9898485601806
1809201,120.48926907120179
1809202,409.7482306085251
1809203,163.29690779026635
1809204,87.90053747357099
1809205,280.0438714793347
1809211,129.54329199035595
1809212,418.8022535276793
1809213,172.35093070942054
1809214,96.95456039272517
1809215,289.09789439848896
1809221,132.96447857748322
1809222,422.2234401148065
1809223,175.7721172965478
1809224,100.37574697985244
1809225,292.51908098561614
1809231,138.36627895062009
1809232,427.6252404879434
1809233,181.17391766968467
1809234,105.77754735298929
1809235,297.92088135875304
1809241,75.33844149993618
1809242,364.5974030372595
1809243,118.14608021900075
1809244,42.7497099023054
1809245,234.89304390806913
1809251,90.87185875014809
1809252,380.1308202874714
1809253,133.67949746921266
1809254,58.283127152517295
1809255,250.42646115828103
1809261,106.40527600035999
1809262,395.66423753768333
1809263,149.2129147194246
1809264,73.8165444027292
1809265,265.95987840849295
1809271,128.64866758582775
1809272,417.9076291231511
1809273,171.45630630489234
1809274,96.05993598819697
1809275,288.2032699939607
1809281,122.09693752066116
1809282,411.35589905798446
1809283,164.9045762397257
1809284,89.50820592303037
1809285,281.65153992879414
1809291,133.23110007424836
1809292,422.49006161157166
1809293,176.03873879331292
1809294,100.64236847661758
1809295,292.78570248238134
1809301,146.5871084342117
1809302,435.84606997153503
1809303,189.39474715327626
1809304,113.99837683658089
1809305,306.14171084234465
1810011,74.89407233866095
1810012,364.1530338759843
1810013,117.70171105772553
1810014,42.305340741030165
1810015,234.4486747467939
1810021,81.0513002859657
1810022,370.310261823289
1810023,123.85893900503027
1810024,48.4625686883349
1810025,240.60590269409863
1810031,99.47311708446654
1810032,388.73207862178987
1810033,142.28075580353112
1810034,66.88438548683575
1810035,259.0277194925995
1810041,116.78401097977934
1810042,406.0429725171026
1810043,159.5916496988439
1810044,84.19527938214854
1810045,276.3386133879123
1810051,140.76044229422047
1810052,430.01940383154374
1810053,183.56808101328502
1810054,108.17171069658966
1810055,300.31504470235336
1810061,137.63035477087305
1810062,426.8893163081964
1810063,180.43799348993764
1810064,105.04162317324227
1810065,297.184957179006
1810071,137.47754062806965
1810072,426.736502165393
1810073,180.2851793471342
1810074,104.88880903043885
1810075,297.0321430362026
1810081,122.47254596933033
1810082,411.7315075066536
1810083,165.28018468839488
1810084,89.88381437169954
1810085,282.0271483774633
1810091,140.09449827753576
1810092,429.35345981485904
1810093,182.90213699660035
1810094,107.50576667990498
1810095,299.6491006856687
1810101,157.40539217284856
1810102,446.66435371017184
1810103,200.21303089191312
1810104,124.81666057521778
1810105,316.9599945809815
1810111,176.7011338035396
1810112,465.9600953408629
1810113,219.50877252260418
1810114,144.1124022059088
1810115,336.2557362116725
1810121,193.31585053117232
1810122,482.5748120684956
1810123,236.12348925023687
1810124,160.72711893354153
1810125,352.87045293930527
1810131,203.40372569593873
1810132,492.66268723326203
1810133,246.21136441500332
1810134,170.81499409830795
1810135,362.95832810407165
1810141,212.68365693111394
1810142,501.9426184684373
1810143,255.4912956501785
1810144,180.09492533348313
1810145,372.2382593392469
1810151,149.93456013613903
1810152,439.1935216734623
1810153,192.74219885520358
1810154,117.34582853850824
1810155,309.48916254427195
1810161,154.09212685770527
1810162,443.35108839502857
1810163,196.89976557676982
1810164,121.50339526007446
1810165,313.6467292658382
1810171,170.6920300949777
1810172,459.950991632301
1810173,213.49966881404228
1810174,138.1032984973469
1810175,330.2466325031106
1810181,152.46820102367974
1810182,441.727162561003
1810183,195.27583974274432
1810184,119.87946942604896
1810185,312.0228034318127
1810191,156.03327790018122
1810192,445.2922394375045
1810193,198.8409166192458
1810194,123.44454630255044
1810195,315.58788030831414
1810201,166.3796951224169
1810202,455.6386566597402
1810203,209.1873338414815
1810204,133.79096352478612
1810205,325.9342975305498
1810211,136.12827426565215
1810212,425.3872358029755
1810213,178.93591298471674
1810214,103.53954266802135
1810215,295.68287667378513
1810221,74.67188775802335
1810222,363.93084929534666
1810223,117.47952647708792
1810224,42.08315616039256
1810225,234.22649016615628
1810231,87.89458536960412
1810232,377.15354690692743
1810233,130.7022240886687
1810234,55.30585377197332
1810235,247.44918777773705
1810241,92.61078456109922
1810242,381.8697460984225
1810243,135.41842328016378
1810244,60.02205296346843
1810245,252.1653869692322
1810251,105.63034503177127
1810252,394.8893065690946
1810253,148.43798375083585
1810254,73.04161343414049
1810255,265.1849474399042
1810261,113.07624354677415
1810262,402.3352050840974
1810263,155.88388226583874
1810264,80.48751194914337
1810265,272.6308459549071
1810271,107.413251804158
1810272,396.67221334148127
1810273,150.22089052322258
1810274,74.8245202065272
1810275,266.96785421229094
1810281,116.81437462877184
1810282,406.0733361660952
1810283,159.6220133478364
1810284,84.22564303114105
1810285,276.3689770369048
1810291,61.38524983589423
1810292,350.64421137321756
1810293,104.1928885549588
1810294,28.796518238263438
1810295,220.93985224402718
1810301,83.31758300846933
1810302,372.5765445457927
1810303,126.1252217275339
1810304,50.72885141083853
1810305,242.87218541660226
1811011,107.76331700589233
1811012,397.02227854321563
1811013,150.57095572495692
1811014,75.17458540826155
1811015,267.31791941402525
1811016,78.72708737153901
1811021,114.32047719834478
1811022,403.5794387356681
1811023,157.12811591740933
1811024,81.73174560071399
1811025,273.8750796064777
1811026,85.28424756399144
1811031,117.58930559736055
1811032,406.84826713468385
1811033,160.39694431642513
1811034,85.00057399972977
1811035,277.1439080054935
1811036,88.55307596300722
1811041,126.19056393167902
1811042,415.44952546900237
1811043,168.9982026507436
1811044,93.60183233404823
1811045,285.745166339812
1811046,97.15433429732569
1811051,72.22785737100962
1811052,361.48681890833296
1811053,115.0354960900742
1811054,39.63912577337884
1811055,231.78245977914258
1811056,43.191627736656294
1811061,75.85218109904561
1811062,365.1111426363689
1811063,118.65981981811018
1811064,43.26344950141481
1811065,235.40678350717855
1811066,46.815951464692276
1811071,95.20717313622441
1811072,384.46613467354774
1811073,138.014811855289
1811074,62.61844153859362
1811075,254.76177554435736
1811076,66.17094350187108
1811081,107.40782167687215
1811082,396.66678321419545
1811083,150.21546039593673
1811084,74.81909007924136
1811085,266.9624240850051
1811086,78.37159204251883
1811091,109.43241642431734
1811092,398.6913779616406
1811093,152.2400551433819
1811094,76.84368482668654
1811095,268.9870188324503
1811096,80.396186789964
1811101,127.27655331316039
1811102,416.5355148504837
1811103,170.08419203222496
1811104,94.68782171552961
1811105,286.8311557212934
1811106,98.24032367880706
1811111,140.45481400861365
1811112,429.713775545937
1811113,183.2624527276782
1811114,107.86608241098284
1811115,300.0094164167466
1811116,111.4185843742603
1811121,72.67222653228485
1811122,361.9311880696082
1811123,115.47986525134942
1811124,40.08349493465407
1811125,232.22682894041782
1811126,43.63599689793153
1811131,82.20666010528127
1811132,371.46562164260456
1811133,125.01429882434584
1811134,49.617928507650475
1811135,241.7612625134142
1811136,53.17043047092794
1811141,85.78654691718972
1811142,375.045508454513
1811143,128.59418563625428
1811144,53.19781531955893
1811145,245.34114932532265
1811146,56.75031728283639
1811151,102.87525623186491
1811152,392.13421776918824
1811153,145.68289495092947
1811154,70.28652463423411
1811155,262.42985863999786
1811156,73.83902659751158
1811161,105.74415238573299
1811162,395.0031139230563
1811163,148.5517911047976
1811164,73.15542078810219
1811165,265.29875479386595
1811166,76.70792275137966
1811171,105.76908590743966
1811172,395.028047444763
1811173,148.57672462650424
1811174,73.18035430980888
1811175,265.3236883155726
1811176,76.73285627308633
1811181,120.9470078286314
1811182,410.20596936595473
1811183,163.75464654769598
1811184,88.35827623100062
1811185,280.50161023676435
1811186,91.91077819427807
1811191,55.741761487698916
1811192,345.00072302502224
1811193,98.54940020676348
1811194,23.153029890068126
1811195,215.29636389583186
1811196,26.705531853345583
1811201,62.29892168015135
1811202,351.5578832174747
1811203,105.10656039921592
1811204,29.71019008252056
1811205,221.8535240882843
1811206,33.26269204579802
1811211,66.63423606622767
1811212,355.893197603551
1811213,109.44187478529224
1811214,34.04550446859688
1811215,226.18883847436064
1811216,37.59800643187434
1811221,71.45835652970673
1811222,360.71731806703
1811223,114.2659952487713
1811224,38.86962493207595
1811225,231.0129589378397
1811226,42.42212689535341
1811231,83.08132516069671
1811232,372.34028669802
1811233,125.88896387976126
1811234,50.49259356306591
1811235,242.63592756882966
1811236,54.045095526343374
1811241,97.4149456754655
1811242,386.6739072127888
1811243,140.2225843945301
1811244,64.82621407783472
1811245,256.96954808359845
1811246,68.37871604111217
1811251,115.3035194804361
1811252,404.5624810177594
1811253,158.11115819950066
1811254,82.7147878828053
1811255,274.85812188856903
1811256,86.26728984608276
1811261,52.80892502328245
1811262,342.06788656060576
1811263,95.61656374234701
1811264,20.220193425651658
1811265,212.3635274314154
1811266,23.772695388929115
1811271,53.1893538740093
1811272,342.4483154113326
1811273,95.99699259307388
1811274,20.600622276378513
1811275,212.74395628214225
1811276,24.153124239655973
1811281,61.12405846641492
1811282,350.38302000373824
1811283,103.93169718547949
1811284,28.535326868784132
1811285,220.67866087454786
1811286,32.08782883206159
1811291,77.81283553594241
1811292,367.0717970732657
1811293,120.62047425500697
1811294,45.224103938311615
1811295,237.36743794407536
1811296,48.77660590158908
1811301,104.23329723739724
1811302,393.49225877472054
1811303,147.04093595646182
1811304,71.64456563976645
1811305,263.78789964553016
1811306,75.19706760304392
1812011,112.12356491367534
1812012,401.3825264509986
1812013,154.9312036327399
1812014,79.53483331604455
1812015,271.67816732180825
1812016,83.087335279322
1812021,125.92394243491388
1812022,415.1829039722372
1812023,168.73158115397848
1812024,93.33521083728309
1812025,285.47854484304685
1812026,96.88771280056055
1812031,73.69427560321786
1812032,362.9532371405412
1812033,116.50191432228243
1812034,41.10554400558708
1812035,233.24887801135083
1812036,44.658045968864535
1812041,64.85086978419572
1812042,354.10983132151904
1812043,107.6585085032603
1812044,32.262138186564925
1812045,224.40547219232866
1812046,35.81464014984239
1812051,69.07826645324138
1812052,358.3372279905647
1812053,111.88590517230595
1812054,36.48953485561059
1812055,228.63286886137433
1812056,40.04203681888805
1812061,89.98855055488347
1812062,379.24751209220676
1812063,132.79618927394804
1812064,57.399818957252684
1812065,249.54315296301644
1812066,60.95232092053014
1812071,114.85372019187504
1812072,404.11268172919836
1812073,157.6613589109396
1812074,82.26498859424424
1812075,274.408322600008
1812076,85.81749055752171
1812081,113.23448781686338
1812082,402.4934493541867
1812083,156.04212653592796
1812084,80.6457562192326
1812085,272.78909022499636
1812086,84.19825818251005
1812091,121.65799848667176
1812092,410.9169600239951
1812093,164.46563720573633
1812094,89.06926688904096
1812095,281.2126008948047
1812096,92.62176885231843
1812101,52.675614274899885
1812102,341.9345758122232
1812103,95.48325299396444
1812104,20.086882677269095
1812105,212.23021668303284
1812106,23.639384640546552
1812111,61.98786326725869
1812112,351.246824804582
1812113,104.79550198632326
1812114,29.399131669627895
1812115,221.54246567539164
1812116,32.951633632905356
1812121,70.63355851770466
1812122,359.89252005502794
1812123,113.44119723676923
1812124,38.04482692007387
1812125,230.18816092583762
1812126,41.597328883351324
1812131,76.47972805211674
1812132,365.73868958944007
1812133,119.28736677118133
1812134,43.89099645448595
1812135,236.0343304602497
1812136,47.44349841776341
1812141,84.10337423162972
1812142,373.362335768953
1812143,126.91101295069427
1812144,51.51464263399892
1812145,243.65797663976267
1812146,55.06714459727638
1812151,88.57199936608859
1812152,377.8309609034119
1812153,131.37963808515315
1812154,55.98326776845781
1812155,248.12660177422154
1812156,59.53576973173526
1812161,97.6620637778098
1812162,386.92102531513314
1812163,140.46970249687436
1812164,65.073332180179
1812165,257.21666618594276
1812166,68.62583414345647
1812171,37.52262587541483
1812172,326.78158741273813
1812173,80.33026459447939
1812174,4.9338942777840415
1812175,197.07722828354778
1812176,8.486396241061499
1812181,64.38745673814489
1812182,353.6464182754682
1812183,107.19509545720946
1812184,31.798725140514097
1812185,223.94205914627784
1812186,35.35122710379156
1812191,67.07860522750289
1812192,356.3375667648262
1812193,109.88624394656746
1812194,34.4898736298721
1812195,226.63320763563587
1812196,38.04237559314956
1812201,83.45632388413773
1812202,372.71528542146103
1812203,126.26396260320229
1812204,50.867592286506934
1812205,243.01092629227068
1812206,54.4200942497844
1812211,98.10100281179919
1812212,387.3599643491225
1812213,140.90864153086375
1812214,65.5122712141684
1812215,257.6556052199321
1812216,69.06477317744586
1812221,101.94751112047277
1812222,391.20647265779604
1812223,144.75514983953732
1812224,69.35877952284197
1812225,261.5021135286057
1812226,72.91128148611944
1812231,119.88052184157087
1812232,409.1394833788942
1812233,162.68816056063545
1812234,87.29179024394008
1812235,279.43512424970385
1812236,90.84429220721753
1812241,44.09928946228811
1812242,333.3582509996114
1812243,86.90692818135267
1812244,11.510557864657322
1812245,203.65389187042106
1812246,15.06305982793478
1812271,91.41053187096418
1812272,380.6694934082875
1812273,134.21817059002876
1812274,58.821800273333395
1812275,250.96513427909716
1812276,62.37430223661086
1812281,102.36694676004132
1812282,391.6259082973646
1812283,145.17458547910587
1812284,69.77821516241053
1812285,261.92154916817424
1812286,73.33071712568798
1812291,113.94547847490374
1812292,403.20444001222705
1812293,156.7531171939683
1812294,81.35674687727295
1812295,273.50008088303673
1812301,120.68038633186627
1812302,409.93934786918965
1812303,163.48802505093084
1812304,88.09165473423548
1812305,280.2349887399992
1812311,61.47412366814927
1812312,350.7330852054726
1812313,104.28176238721385
1812315,221.02872607628223
1901021,69.7003832790267
1901022,358.95934481635004
1901023,112.50802199809127
1901024,37.111651681395905
1901025,229.25498568715966
1901031,68.65883081367284
1901032,357.91779235099614
1901033,111.46646953273742
1901034,36.07009921604205
1901035,228.21343322180581
1901041,96.10134158606068
1901042,385.36030312338397
1901043,138.90898030512525
1901044,63.512609988429894
1901045,255.65594399419365
1901051,114.56759530068905
1901052,403.8265568380124
1901053,157.37523401975363
1901054,81.97886370305827
1901055,274.122197708822
1901061,109.92665262900591
1901062,399.1856141663293
1901063,152.73429134807049
1901064,77.33792103137512
1901065,269.48125503713885
1901071,56.319441397356705
1901072,345.57840293468
1901073,99.12708011642127
1901074,23.730709799725915
1901075,215.87404380548963
1901081,65.05401048005773
1901082,354.31297201738107
1901083,107.8616491991223
1901084,32.46527888242693
1901085,224.60861288819066
1901091,66.94529447912032
1901092,356.20425601644365
1901093,109.75293319818489
1901094,34.35656288148953
1901095,226.49989688725327
1901101,71.05842428455904
1901102,360.31738582188234
1901103,113.86606300362362
1901104,38.46969268692825
1901105,230.613026692692
1901111,100.76721777945052
1901112,390.02617931677383
1901113,143.5748564985151
1901114,68.17848618181972
1901115,260.3218201875835
1901121,108.30199012670843
1901122,397.56095166403173
1901123,151.109628845773
1901124,75.71325852907765
1901125,267.8565925348414
1901131,124.27977653819556
1901132,413.5387380755189
1901133,167.08741525726015
1901134,91.69104494056477
1901135,283.8343789463285
1901141,42.09962823654961
1901142,331.35858977387295
1901143,84.90726695561418
1901144,9.510896638918823
1901145,201.65423064468257
1901151,69.18664367991728
1901152,358.4456052172406
1901153,111.99428239898185
1901154,36.597912082286484
1901155,228.74124608805022
1901161,81.43172913669255
1901162,370.69069067401585
1901163,124.23936785575712
1901164,48.842997539061756
1901165,240.98633154482548
1901171,80.96785658099648
1901172,370.2268181183198
1901173,123.77549530006104
1901174,48.379124983365685
1901175,240.52245898912943
1901181,80.8594793543206
1901182,370.1184408916439
1901183,123.66711807338515
1901184,48.2707477566898
1901185,240.41408176245355
1901191,89.94954376604178
1901192,379.2085053033651
1901193,132.75718248510634
1901194,57.360812168410995
1901195,249.50414617417474
1901201,99.97278341644095
1901202,389.2317449537643
1901203,142.78042213550552
1901204,67.38405181881015
1901205,259.5273858245739
1901211,33.701051088447926
1901212,322.96001262577124
1901213,76.5086898075125
1901214,1.1123194908171357
1901215,193.25565349658086
1901221,45.990573461350714
1901222,335.24953499867405
1901223,88.79821218041529
1901224,13.401841863719923
1901225,205.54517586948367
1901231,44.860147163741814
1901232,334.1191087010651
1901233,87.66778588280638
1901234,12.271415566111024
1901235,204.41474957187478
1901241,48.97327696918053
1901242,338.23223850650385
1901243,91.7809156882451
1901244,16.384545371549738
1901245,208.5278793773135
1901251,64.32894655488235
1901252,353.5879080922056
1901253,107.13658527394692
1901254,31.74021495725156
1901255,223.8835489630153
1901261,100.30334522375443
1901262,389.56230676107776
1901263,143.11098394281902
1901264,67.71461362612365
1901265,259.8579476318874
1901271,114.50365499014069
1901272,403.76261652746405
1901273,157.31129370920524
1901274,81.91492339250989
1901275,274.05825739827367
1901281,44.98802778483856
1901282,334.2469893221619
1901283,87.79566650390312
1901284,12.399296187207767
1901285,204.5426301929715
1901291,51.10081881601576
1901292,340.3597803533391
1901293,93.90845753508033
1901294,18.512087218384973
1901295,210.6554212241487
1901301,61.479553795435095
1901302,350.7385153327584
1901303,104.28719251449967
1901304,28.89082219780431
1901305,221.03415620356805
1901311,71.05842428455904
1901312,360.31738582188234
1901313,113.86606300362362
1901314,38.46969268692825
1901315,230.613026692692
1902011,76.10472932867572
1902012,365.36369086599905
1902013,118.91236804774029
1902014,43.51599773104493
1902015,235.65933173680867
1902021,92.83794331433072
1902022,382.096904851654
1902023,135.64558203339527
1902024,60.24921171669993
1902025,252.39254572246367
1902031,105.83845634527387
1902032,395.0974178825972
1902033,148.64609506433845
1902034,73.24972474764309
1902035,265.3930587534068
1902041,45.69901844287891
1902042,334.95797998020225
1902043,88.50665716194347
1902044,13.110286845248119
1902045,205.25362085101185
1902051,61.98786326725869
1902052,351.246824804582
1902053,104.79550198632326
1902054,29.399131669627895
1902055,221.54246567539164
1902061,68.81164495647626
1902062,358.0706064937996
1902063,111.61928367554083
1902064,36.22291335884547
1902065,228.3662473646092
1902071,87.54452016786976
1902072,376.80348170519306
1902073,130.35215888693432
1902074,54.955788570238965
1902075,247.0991225760027
1902081,99.47854721175237
1902082,388.7375087490757
1902083,142.28618593081694
1902084,66.88981561412157
1902085,259.0331496198853
1902091,112.96786632009825
1902092,402.22682785742154
1902093,155.77550503916285
1902094,80.37913472246747
1902095,272.5224687282312
1902101,115.17020873205352
1902102,404.42917026937687
1902103,157.9778474511181
1902104,82.58147713442273
1902105,274.7248111401865
1902111,56.319441397356705
1902112,345.57840293468
1902113,99.12708011642127
1902114,23.730709799725915
1902115,215.87404380548963
1902121,64.07639832525223
1902122,353.33535986257556
1902123,106.8840370443168
1902124,31.487666727621434
1902125,223.63100073338518
1902131,82.58708895600812
1902132,371.8460504933314
1902133,125.39472767507269
1902134,49.998357358377326
1902135,242.14169136414108
1902141,92.38814402576966
1902142,381.64710556309296
1902143,135.19578274483425
1902144,59.79941242813888
1902145,251.94274643390264
1902151,116.67563375310344
1902152,405.9345952904267
1902153,159.48327247216804
1902154,84.08690215547264
1902155,276.2302361612364
1902161,123.72160002295863
1902162,412.9805615602819
1902163,166.5292387420232
1902164,91.13286842532784
1902165,283.2762024310916
1902171,138.27740511836504
1902172,427.53636665568837
1902173,181.08504383742962
1902174,105.68867352073424
1902175,297.832007526498
1902181,76.89373356439945
1902182,366.15269510172277
1902183,119.70137228346402
1902184,44.30500196676867
1902185,236.4483359725324
1902191,69.49770209280993
1902192,358.75666363013323
1902193,112.30534081187452
1902194,36.90897049517915
1902195,229.05230450094288
1902201,81.88498568119327
1902202,371.1439472185166
1902203,124.69262440025784
1902204,49.29625408356248
1902205,241.4395880893262
1902211,93.36575618057515
1902212,382.6247177178985
1902213,136.17339489963973
1902214,60.777024582944364
1902215,252.92035858870813
1902221,91.03553314752315
1902222,380.2944946848465
1902223,133.84317186658774
1902224,58.44680154989237
1902225,250.5901355556561
1902231,103.6361139333186
1902232,392.8950754706419
1902233,146.44375265238318
1902234,71.04738233568781
1902235,263.19071634145155
1902241,131.38968311859912
1902242,420.64864465592245
1902243,174.19732183766368
1902244,98.80095152096831
1902245,290.9442855267321
1902251,70.09488539688856
1902252,359.3538469342119
1902253,112.90252411595314
1902254,37.506153799257774
1902255,229.64948780502152
1902261,84.0730105826372
1902262,373.3319721199605
1902263,126.88064930170178
1902264,51.4842789850064
1902265,243.62761299077013
1902271,103.47243953594354
1902272,392.73140107326685
1902273,146.2800782550081
1902274,70.88370793831275
1902275,263.0270419440765
1902281,94.12118375474304
1902282,383.38014529206635
1902283,136.9288224738076
1902284,61.532452157112246
1902285,253.675786162876
1903011,96.41239999895335
1903012,385.67136153627666
1903013,139.22003871801792
1903014,63.82366840132256
1903015,255.9670024070863
1903021,105.8579597396947
1903022,395.11692127701804
1903023,148.6655984587593
1903024,73.26922814206392
1903025,265.41256214782766
1903031,128.85677889933035
1903032,418.1157404366537
1903033,171.6644176183949
1903034,96.26804730169955
1903035,288.41138130746333
1903041,62.007366661679534
1903042,351.2663281990028
1903043,104.8150053807441
1903044,29.418635064048743
1903045,221.56196906981248
1903051,69.98650817021267
1903052,359.245469707536
1903053,112.79414688927726
1903054,37.39777657258189
1903055,229.5411105783456
1903061,79.83200015610174
1903062,369.0909616934251
1903063,122.63963887516633
1903064,47.24326855847096
1903065,239.3866025642347
1903071,100.38678892872366
1903072,389.645750466047
1903073,143.19442764778825
1903074,67.79805733109288
1903075,259.9413913368566
1903081,100.85609161170555
1903082,390.1150531490289
1903083,143.66373033077014
1903084,68.26736001407477
1903085,260.4106940198385
1903091,109.2351653653864
1903092,398.4941269027097
1903093,152.04280408445095
1903094,76.64643376775561
1903095,268.7897677735193
1903101,121.43581390603416
1903102,410.6947754433575
1903103,164.2434526250987
1903104,88.84708230840334
1903105,280.9904163141671
1903111,49.6983408943559
1903112,338.95730243167924
1903113,92.50597961342046
1903114,17.10960929672511
1903115,209.25294330248886
1903121,64.78738898329259
1903122,354.0463505206159
1903123,107.59502770235716
1903124,32.19865738566179
1903125,224.34199139142552
1903131,76.41035761428255
1903132,365.66931915160586
1903133,119.21799633334712
1903134,43.821626016651756
1903135,235.96496002241548
1903141,85.8559173550239
1903142,375.11487889234724
1903143,128.6635560740885
1903144,53.26718575739312
1903145,245.41051976315688
1903151,102.98906358582661
1903152,392.24802512314994
1903153,145.7967023048912
1903154,70.40033198819583
1903155,262.54366599395956
1903161,106.52451348160754
1903162,395.78347501893086
1903163,149.3321522006721
1903164,73.93578188397676
1903165,266.0791158897405
1903171,123.25772746726255
1903172,412.5166890045859
1903173,166.06536618632714
1903174,90.66899586963176
1903175,282.8123298753955
1903181,57.696985797309885
1903182,346.9559473346332
1903183,100.50462451637446
1903184,25.108254199679095
1903185,217.25158820544283
1903191,70.4308773314879
1903192,359.6898388688112
1903193,113.23851605055248
1903194,37.84214573385711
1903195,229.98547973962084
1903211,102.43088707058968
1903212,391.689848607913
1903213,145.23852578965426
1903214,69.8421554729589
1903215,261.9854894787226
1903221,110.85439774039804
1903222,400.1133592777213
1903223,153.66203645946263
1903224,78.26566614276726
1903225,270.409000148531
1903231,123.14392011330082
1903232,412.4028816506241
1903233,165.95155883236538
1903234,90.55518851567004
1903235,282.6985225214338
1903241,124.19090270594052
1903242,413.44986424326385
1903243,166.9985414250051
1903244,91.60217110830973
1903245,283.74550511407347
1903251,61.29637600363919
1903252,350.5553375409625
1903253,104.10401472270375
1903254,28.7076444060084
1903255,220.85097841177213
1903261,73.36371379590436
1903262,362.6226753332277
1903263,116.17135251496894
1903264,40.77498219827358
1903265,232.9183162040373
1903271,85.56436233655211
1903272,374.82332387387544
1903273,128.3720010556167
1903274,52.97563073892132
1903275,245.11896474468506
1903281,104.1194898834355
1903282,393.37845142075884
1903283,146.9271286025001
1903284,71.53075828580472
1903285,263.67409229156846
1903291,119.43072255300982
1903292,408.6896840903331
1903293,162.2383612720744
1903294,86.84199095537903
1903295,278.98532496114274
1903301,141.7629879707326
1903302,431.0219495080559
1903303,184.57062668979717
1903304,109.17425637310183
1903305,301.3175903788656
1903311,124.19090270594052
1903312,413.44986424326385
1903313,166.9985414250051
1903314,91.60217110830973
1903315,283.74550511407347
1904011,63.82928022290795
1904012,353.08824176023126
1904013,106.63691894197251
1904014,31.240548625277157
1904015,223.3838826310409
1904021,87.04393481660489
1904022,376.3028963539282
1904023,129.85157353566944
1904024,54.45520321897409
1904025,246.59853722473784
1904041,107.84689988266715
1904042,397.10586141999045
1904043,150.6545386017317
1904044,75.25816828503635
1904045,267.40150229080007
1904051,119.25297488849974
1904052,408.511936425823
1904053,162.0606136075643
1904054,86.66424329086894
1904055,278.80757729663264
1904061,132.03130333880526
1904062,421.29026487612856
1904063,174.83894205786982
1904064,99.44257174117448
1904065,291.58590574693824
1904071,142.58778598273472
1904072,431.84674752005805
1904073,185.39542470179927
1904074,109.9990543851039
1904075,302.14238839086767
1904081,67.60641809374732
1904082,356.86537963107065
1904083,110.41405681281189
1904084,35.01768649611654
1904085,227.16102050188027
1904091,69.18664367991728
1904092,358.4456052172406
1904093,111.99428239898185
1904094,36.597912082286484
1904095,228.74124608805022
1904101,78.09896042712839
1904102,367.3579219644517
1904103,120.90659914619296
1904104,45.5102288294976
1904105,237.6535628352613
1904111,85.05605286472851
1904112,374.3150144020518
1904113,127.8636915837931
1904114,52.46732126709773
1904115,244.61065527286146
1904121,94.9015448506176
1904122,384.1605063879409
1904123,137.70918356968218
1904124,62.31281325298681
1904125,254.45614725875055
1904131,99.0146746560563
1904132,388.2736361933796
1904133,141.82231337512087
1904134,66.42594305842552
1904135,258.56927706418924
1904141,118.05860828034247
1904142,407.3175698176658
1904143,160.86624699940705
1904144,85.46987668271167
1904145,277.6132106884754
1904151,61.340812919766705
1904152,350.59977445709
1904153,104.14845163883128
1904154,28.752081322135915
1904155,220.89541532789966
1904161,75.49668577002542
1904162,364.75564730734874
1904163,118.30432448909
1904164,42.90795417239464
1904165,235.05128817815836
1904171,97.25127127809043
1904172,386.51023281541376
1904173,140.058909997155
1904174,64.66253968045964
1904175,256.8058736862234
1904181,112.34031936702712
1904182,401.5992809043504
1904183,155.14795808609168
1904184,79.75158776939632
1904185,271.89492177516007
1904201,133.3199739065034
1904202,422.5789354438267
1904203,176.12761262556796
1904204,100.73124230887262
1904205,292.87457631463633
1904211,156.71872531128673
1904212,445.97768684861006
1904213,199.52636403035132
1904214,124.12999371365594
1904215,316.2733277194197
1904221,91.29129438971663
1904222,380.55025592704
1904223,134.0989331087812
1904224,58.70256279208584
1904225,250.84589679784958
1904231,96.07097793706818
1904232,385.3299394743915
1904233,138.87861665613275
1904234,63.48224633943738
1904235,255.62558034520112
1904241,118.53655410317354
1904242,407.7955156404969
1904243,161.34419282223809
1904244,85.94782250554276
1904245,278.0911565113065
1904251,135.8030110823588
1904252,425.06197261968214
1904253,178.6106498014234
1904254,103.21427948472802
1904255,295.35761349049176
1904261,129.60677634621237
1904262,418.8657378835357
1904263,172.41441506527696
1904264,97.01804474858159
1904265,289.1613787543454
1904271,144.29589219000138
1904272,433.55485372732466
1904273,187.10353090906594
1904274,111.70716059237058
1904275,303.85049459813433
1904281,131.9673630282569
1904282,421.2263245655802
1904283,174.77500174732148
1904284,99.3786314306261
1904285,291.52196543638985
1904291,83.6037078996553
1904292,372.86266943697865
1904293,126.41134661871988
1904294,51.01497630202452
1904295,243.15831030778827
1904301,108.24669295600926
1904302,397.5056544933326
1904303,151.0543316750738
1904304,75.65796135837846
1904305,267.8012953641422
1905021,97.89832162558241
1905022,387.15728316290574
1905023,140.705960344647
1905024,65.30959002795163
1905025,257.45292403371536
1905031,107.52162903083388
1905032,396.7805905681572
1905033,150.32926774989846
1905034,74.9328974332031
1905035,267.07623143896683
1905041,112.61237099107808
1905042,401.87133252840135
1905043,155.42000971014266
1905044,80.0236393934473
1905045,272.16697339921103
1905051,134.94463640880087
1905052,424.2035979461242
1905053,177.75227512786546
1905054,102.35590481117009
1905055,294.4992388169338
1905061,67.78416575825742
1905062,357.04312729558075
1905063,110.59180447732199
1905064,35.19543416062663
1905065,227.33876816639037
1905071,79.8515035505226
1905072,369.1104650878459
1905073,122.65914226958718
1905074,47.262771952891796
1905075,239.40610595865553
1905081,101.33946756182247
1905082,390.5984290991458
1905083,144.14710628088704
1905084,68.75073596419169
1905085,260.8940699699554
1905091,119.40578903130313
1905092,408.66475056862646
1905093,162.2134277503677
1905094,86.81705743367235
1905095,278.9603914394361
1905101,113.5650496241769
1905102,402.8240111615002
1905103,156.37268834324146
1905104,80.9763180265461
1905105,273.1196520323099
1905111,127.63204864218056
1905112,416.89101017950384
1905113,170.43968736124515
1905114,95.04331704454978
1905115,287.1866510503135
1905121,143.20990280851998
1905122,432.4688643458434
1905123,186.01754152758457
1905124,110.6211712108892
1905125,302.76450521665294
1905131,80.4042499384737
1905132,369.663211475797
1905133,123.21188865753828
1905134,47.815518340842914
1905135,239.95885234660665
1905141,89.36100360181234
1905142,378.6199651391357
1905143,132.1686423208769
1905144,56.772272004181545
1905145,248.9156060099453
1905151,105.2054792649169
1905152,394.46444080224023
1905153,148.0131179839815
1905154,72.61674766728612
1905155,264.76008167304985
1905161,110.42953197354367
1905162,399.688493510867
1905163,153.23717069260823
1905164,77.84080037591288
1905165,269.9841343816766
1905171,118.85304264335203
1905172,408.11200418067534
1905173,161.6606813624166
1905174,86.26431104572123
1905175,278.407645051485
1905181,145.27350434480687
1905182,434.53246588213017
1905183,188.08114306387142
1905184,112.68477274717608
1905185,304.8281067529398
1905191,147.56472058901716
1905192,436.8236821263405
1905193,190.37235930808174
1905194,114.97598899138637
1905195,307.1193229971501
1905201,94.97955842830096
1905202,384.2385199656243
1905203,137.78719714736556
1905204,62.39082683067018
1905205,254.53416083643393
1905211,103.89187517551208
1905212,393.15083671283537
1905213,146.69951389457665
1905214,71.30314357788129
1905215,263.44647758364505
1905221,98.8065633425537
1905222,388.065524879877
1905223,141.6142020616183
1905224,66.21783174492292
1905225,258.36116575068667
1905231,130.91495030833138
1905232,420.1739118456547
1905233,173.72258902739594
1905234,98.32621871070059
1905235,290.4695527164643
1905241,141.826928281281
1905242,431.0858898186043
1905243,184.63456700034556
1905244,109.23819668365022
1905245,301.3815306894139
1905251,134.78639213871162
1905252,424.04535367603495
1905253,177.5940308577762
1905254,102.19766054108085
1905255,294.3409945468446
1905261,145.3873116987686
1905262,434.64627323609193
1905263,188.19495041783318
1905264,112.79858010113779
1905265,304.94191410690155
1905271,89.46938082848821
1905272,378.72834236581156
1905273,132.2770195475528
1905274,56.88064923085743
1905275,249.02398323662118
1905281,92.2938400662288
1905282,381.5528016035521
1905283,135.10147878529338
1905284,59.705108468598
1905285,251.84844247436175
1905291,103.29469187143344
1905292,392.55365340875676
1905293,146.102330590498
1905294,70.70596027380266
1905295,262.8492942795664
1905301,115.8952726572289
1905302,405.1542341945522
1905303,158.70291137629346
1905304,83.3065410595981
1905305,275.4498750653618
1905311,143.38222034574426
1905312,432.6411818830676
1905313,186.18985906480884
1905314,110.79348874811348
1905315,302.9368227538772
1906011,156.20498571217732
1906012,445.4639472495006
1906013,199.01262443124187
1906014,123.61625411454654
1906015,315.75958812031024
1906021,183.5141857361826
1906022,472.77314727350597
1906023,226.32182445524717
1906024,150.9254541385518
1906025,343.0687881443156
1906031,114.22074311151808
1906032,403.4797046488414
1906033,157.02838183058265
1906034,81.63201151388729
1906035,273.775345519651
1906041,102.60320460781394
1906042,391.8621661451373
1906043,145.4108433268785
1906044,70.01447301018314
1906045,262.1578070159469
1906051,137.2444957928604
1906052,426.50345733018366
1906053,180.05213451192492
1906054,104.6557641952296
1906055,296.7990982009933
1906061,135.40307883721113
1906062,424.6620403745344
1906063,178.21071755627568
1906064,102.81434723958033
1906065,294.9576812453441
1906071,138.40528573946176
1906072,427.6642472767851
1906073,181.21292445852635
1906074,105.81655414183098
1906075,297.9598881475947
1906081,144.38476602225643
1906082,433.6437275595797
1906083,187.192404741321
1906084,111.79603442462563
1906085,303.9393684303894
1906091,163.2509519820325
1906092,452.50991351935585
1906093,206.05859070109705
1906094,130.66222038440168
1906095,322.80555439016547
1906101,92.53552804128725
1906102,381.7944895786106
1906103,135.34316676035183
1906104,59.94679644365647
1906105,252.0901304494202
1906111,109.97973268498262
1906112,399.2386942223059
1906113,152.78737140404718
1906114,77.39100108735182
1906115,269.53433509311554
1906121,115.0260377290993
1906122,404.28499926642263
1906123,157.83367644816389
1906124,82.43730613146852
1906125,274.58064013723225
1906131,144.91257888850086
1906132,434.17154042582416
1906133,187.72021760756544
1906134,112.32384729087008
1906135,304.4671812966338
1906141,157.77978117106142
1906142,447.03874270838475
1906143,200.587419890126
1906144,125.19104957343063
1906145,317.3343835791944
1906151,151.4057987704049
1906152,440.6647603077282
1906153,194.21343748946947
1906154,118.81706717277413
1906155,310.96040117853784
1906161,169.42768332375806
1906162,458.6866448610814
1906163,212.23532204282265
1906164,136.83895172612728
1906165,328.98228573189107
1906171,112.97650945994744
1906172,402.2354709972708
1906173,155.784148179012
1906174,80.38777786231665
1906175,272.5311118680804
1906181,134.77553188413998
1906182,424.0344934214633
1906183,177.58317060320454
1906184,102.18680028650918
1906185,294.33013429227293
1906191,148.04266641184824
1906192,437.3016279491716
1906193,190.85030513091283
1906194,115.45393481421748
1906195,307.5972688199812
1906201,134.6032143469157
1906202,423.86217588423904
1906203,177.4108530659803
1906204,102.01448274928492
1906205,294.15781675504866
1906211,140.93818995873056
1906212,430.19715149605383
1906213,183.74582867779512
1906214,108.34945836109975
1906215,300.49279236686345
1906221,147.1842917382903
1906222,436.44325327561364
1906223,189.99193045735487
1906224,114.59556014065953
1906225,306.73889414642326
1906231,169.38324640763057
1906232,458.6422079449539
1906233,212.1908851266951
1906234,136.79451480999975
1906235,328.9378488157635
1906241,112.97650945994744
1906242,402.2354709972708
1906243,155.784148179012
1906244,80.38777786231665
1906245,272.5311118680804
1906251,147.79554830950397
1906252,437.0545098468273
1906253,190.60318702856853
1906254,115.20681671187317
1906255,307.3501507176369
1906261,148.3537248247409
1906262,437.6126863620642
1906263,191.16136354380546
1906264,115.76499322711012
1906265,307.90832723287383
1906271,127.13781243749199
1906272,416.3967739748153
1906273,169.94545115655657
1906274,94.5490808398612
1906275,286.69241484562497
1906281,148.2702811197717
1906282,437.529242657095
1906283,191.07791983883627
1906284,115.68154952214093
1906285,307.8248835279046
1906291,172.11340168583024
1906292,461.37236322315357
1906293,214.92104040489482
1906294,139.52467008819946
1906295,331.6680040939632
1906301,194.1346086906604
1906302,483.39357022798373
1906303,236.94224740972498
1906304,161.5458770930296
1906305,353.68921109879335
1907011,107.19971036336956
1907012,396.4586719006929
1907013,150.00734908243413
1907014,74.61097876573878
1907015,266.7543127715025
1907021,99.49262047888739
1907022,388.7515820162107
1907023,142.30025919795196
1907024,66.90388888125659
1907025,259.0472228870203
1907031,114.4483578194415
1907032,403.7073193567648
1907033,157.25599653850608
1907034,81.85962622181071
1907035,274.0029602275745
1907041,122.82743157312234
1907042,412.08639311044567
1907043,165.63507029218692
1907044,90.23869997549156
1907045,282.3820339812553
1907051,132.31742822999126
1907052,421.57638976731454
1907053,175.12506694905582
1907054,99.72869663236045
1907055,291.8720306381242
1907061,143.22940620294082
1907062,432.48836774026415
1907063,186.0370449220054
1907064,110.64067460531005
1907065,302.7840086110738
1907071,148.36458507931258
1907072,437.6235466166359
1907073,191.17222379837716
1907074,115.77585348168178
1907075,307.9191874874455
1907081,92.13559579613954
1907082,381.3945573334629
1907083,134.94323451520413
1907084,59.54686419850876
1907085,251.6901982042725
1907091,104.60286583355244
1907092,393.86182737087574
1907093,147.410504552617
1907094,72.01413423592165
1907095,264.15746824168536
1907111,128.69310450195528
1907112,417.9520660392786
1907113,171.50074322101986
1907114,96.10437290432448
1907115,288.2477069100882
1907121,142.04911286191862
1907122,431.3080743992419
1907123,184.85675158098317
1907124,109.4603812642878
1907125,301.60371527005157
1907131,157.4047824476204
1907132,446.6637439849437
1907133,200.21242116668498
1907134,124.81605084998962
1907135,316.95938485575334
1907141,151.56404304049417
1907142,440.8230045778175
1907143,194.37168175955873
1907144,118.97531144286337
1907145,311.11864544862715
1907151,90.6247406478038
1907152,379.88370218512716
1907153,133.4323793668684
1907154,58.03600905017302
1907155,250.17934305593676
1907161,113.44581214292936
1907162,402.7047736802527
1907163,156.2534508619939
1907164,80.85708054529856
1907165,273.0004145510623
1907171,118.13662185802585
1907172,407.39558339534915
1907173,160.9442605770904
1907174,85.54789026039506
1907175,277.6912242661588
1907181,141.62424709506422
1907182,430.88320863238755
1907183,184.4318858141288
1907184,109.03551549743344
1907185,301.17884950319717
1907191,151.33642833257073
1907192,440.595389869894
1907193,194.1440670516353
1907194,118.74769673493992
1907195,310.8910307407036
1907201,173.2243245890183
1907202,462.4832861263416
1907203,216.03196330808288
1907204,140.6355929913875
1907205,332.7789269971513
1907211,164.13969030458293
1907212,453.39865184190626
1907213,206.9473290236475
1907214,131.55095870695214
1907215,323.6942927127159
1907221,94.35744160251565
1907222,383.616403139839
1907223,137.16508032158023
1907224,61.768710004884866
1907225,253.9120440106486
1907231,138.28604825821424
1907232,427.54500979553757
1907233,181.0936869772788
1907234,105.69731666058344
1907235,297.8406506663472
1907241,154.21939775357384
1907242,443.4783592908972
1907243,197.02703647263843
1907244,121.63066615594305
1907245,313.7740001617068
1907251,171.75247622952423
1907252,461.0114377668475
1907253,214.56011494858882
1907254,139.16374463189345
1907255,331.3070786376572
1907261,172.08846816412358
1907262,461.34742970144686
1907263,214.89610688318814
1907264,139.49973656649277
1907265,331.64307057225653
1907271,170.33592504072936
1907272,459.59488657805264
1907273,213.14356375979392
1907274,137.74719344309858
1907275,329.89052744886226
1907281,179.95923244598083
1907282,469.21819398330416
1907283,222.76687116504542
1907284,147.37050084835005
1907285,339.5138348541138
1907291,124.97447681437842
1907292,414.23343835170175
1907293,167.782115533443
1907294,92.38574521674764
1907295,284.52907922251137
1907301,119.22261123950723
1907302,408.48157277683055
1907303,162.03024995857177
1907304,86.63387964187643
1907305,278.77721364764017
