id,Umsatz_Predicted
1808011,187.598666364433
1808012,187.598666364433
1808013,187.598666364433
1808014,187.598666364433
1808015,187.598666364433
1808021,191.45648093594298
1808022,191.45648093594298
1808023,191.45648093594298
1808024,191.45648093594298
1808025,191.45648093594298
1808031,193.8309419169558
1808032,193.8309419169558
1808033,193.8309419169558
1808034,193.8309419169558
1808035,193.8309419169558
1808041,231.84067371574258
1808042,231.84067371574258
1808043,231.84067371574258
1808044,231.84067371574258
1808045,231.84067371574258
1808051,211.85919045287804
1808052,211.85919045287804
1808053,211.85919045287804
1808054,211.85919045287804
1808055,211.85919045287804
1808061,191.67142683897848
1808062,191.67142683897848
1808063,191.67142683897848
1808064,191.67142683897848
1808065,191.67142683897848
1808071,187.46944224820592
1808072,187.46944224820592
1808073,187.46944224820592
1808074,187.46944224820592
1808075,187.46944224820592
1808081,190.41162458621756
1808082,190.41162458621756
1808083,190.41162458621756
1808084,190.41162458621756
1808085,190.41162458621756
1808091,194.40005799886563
1808092,194.40005799886563
1808093,194.40005799886563
1808094,194.40005799886563
1808095,194.40005799886563
1808101,202.17893708205048
1808102,202.17893708205048
1808103,202.17893708205048
1808104,202.17893708205048
1808105,202.17893708205048
1808111,231.3760245472929
1808112,231.3760245472929
1808113,231.3760245472929
1808114,231.3760245472929
1808115,231.3760245472929
1808121,204.55182515621848
1808122,204.55182515621848
1808123,204.55182515621848
1808124,204.55182515621848
1808125,204.55182515621848
1808131,187.4861593523373
1808132,187.4861593523373
1808133,187.4861593523373
1808134,187.4861593523373
1808135,187.4861593523373
1808141,186.98720482735934
1808142,186.98720482735934
1808143,186.98720482735934
1808144,186.98720482735934
1808145,186.98720482735934
1808151,187.30521577257943
1808152,187.30521577257943
1808153,187.30521577257943
1808154,187.30521577257943
1808155,187.30521577257943
1808161,190.9981554025283
1808162,190.9981554025283
1808163,190.9981554025283
1808164,190.9981554025283
1808165,190.9981554025283
1808171,195.51845032552123
1808172,195.51845032552123
1808173,195.51845032552123
1808174,195.51845032552123
1808175,195.51845032552123
1808181,228.1710005606162
1808182,228.1710005606162
1808183,228.1710005606162
1808184,228.1710005606162
1808185,228.1710005606162
1808191,206.75381099993055
1808192,206.75381099993055
1808193,206.75381099993055
1808194,206.75381099993055
1808195,206.75381099993055
1808201,190.65489671473534
1808202,190.65489671473534
1808203,190.65489671473534
1808204,190.65489671473534
1808205,190.65489671473534
1808211,182.99789303216588
1808212,182.99789303216588
1808213,182.99789303216588
1808214,182.99789303216588
1808215,182.99789303216588
1808221,184.9681240176867
1808222,184.9681240176867
1808223,184.9681240176867
1808224,184.9681240176867
1808225,184.9681240176867
1808231,194.3981987067787
1808232,194.3981987067787
1808233,194.3981987067787
1808234,194.3981987067787
1808235,194.3981987067787
1808241,201.92616764745634
1808242,201.92616764745634
1808243,201.92616764745634
1808244,201.92616764745634
1808245,201.92616764745634
1808251,203.19649427269295
1808252,203.19649427269295
1808253,203.19649427269295
1808254,203.19649427269295
1808255,203.19649427269295
1808261,207.02797788873286
1808262,207.02797788873286
1808263,207.02797788873286
1808264,207.02797788873286
1808265,207.02797788873286
1808271,194.21617326572928
1808272,194.21617326572928
1808273,194.21617326572928
1808274,194.21617326572928
1808275,194.21617326572928
1808281,182.9162403689108
1808282,182.9162403689108
1808283,182.9162403689108
1808284,182.9162403689108
1808285,182.9162403689108
1808291,188.57172286722644
1808292,188.57172286722644
1808293,188.57172286722644
1808294,188.57172286722644
1808295,188.57172286722644
1808301,198.1838697205382
1808302,198.1838697205382
1808303,198.1838697205382
1808304,198.1838697205382
1808305,198.1838697205382
1808311,195.1340661496215
1808312,195.1340661496215
1808313,195.1340661496215
1808314,195.1340661496215
1808315,195.1340661496215
1809011,201.50133177376554
1809012,201.50133177376554
1809013,201.50133177376554
1809014,201.50133177376554
1809015,201.50133177376554
1809021,183.44798567732772
1809022,183.44798567732772
1809023,183.44798567732772
1809024,183.44798567732772
1809025,183.44798567732772
1809031,164.61547120039037
1809032,164.61547120039037
1809033,164.61547120039037
1809034,164.61547120039037
1809035,164.61547120039037
1809041,157.72458328518115
1809042,157.72458328518115
1809043,157.72458328518115
1809044,157.72458328518115
1809045,157.72458328518115
1809051,156.78132962461518
1809052,156.78132962461518
1809053,156.78132962461518
1809054,156.78132962461518
1809055,156.78132962461518
1809061,158.9889470081379
1809062,158.9889470081379
1809063,158.9889470081379
1809064,158.9889470081379
1809065,158.9889470081379
1809071,164.17580319326365
1809072,164.17580319326365
1809073,164.17580319326365
1809074,164.17580319326365
1809075,164.17580319326365
1809081,200.3319702689045
1809082,200.3319702689045
1809083,200.3319702689045
1809084,200.3319702689045
1809085,200.3319702689045
1809091,183.05547672757095
1809092,183.05547672757095
1809093,183.05547672757095
1809094,183.05547672757095
1809095,183.05547672757095
1809101,164.32844420778324
1809102,164.32844420778324
1809103,164.32844420778324
1809104,164.32844420778324
1809105,164.32844420778324
1809111,154.45333151550497
1809112,154.45333151550497
1809113,154.45333151550497
1809114,154.45333151550497
1809115,154.45333151550497
1809121,148.88469321632155
1809122,148.88469321632155
1809123,148.88469321632155
1809124,148.88469321632155
1809125,148.88469321632155
1809131,156.0215382319798
1809132,156.0215382319798
1809133,156.0215382319798
1809134,156.0215382319798
1809135,156.0215382319798
1809141,162.12968582009108
1809142,162.12968582009108
1809143,162.12968582009108
1809144,162.12968582009108
1809145,162.12968582009108
1809151,200.12120728648455
1809152,200.12120728648455
1809153,200.12120728648455
1809154,200.12120728648455
1809155,200.12120728648455
1809161,182.3532701541683
1809162,182.3532701541683
1809163,182.3532701541683
1809164,182.3532701541683
1809165,182.3532701541683
1809171,160.91393585370653
1809172,160.91393585370653
1809173,160.91393585370653
1809174,160.91393585370653
1809175,160.91393585370653
1809181,154.01024789596607
1809182,154.01024789596607
1809183,154.01024789596607
1809184,154.01024789596607
1809185,154.01024789596607
1809191,153.86789947617854
1809192,153.86789947617854
1809193,153.86789947617854
1809194,153.86789947617854
1809195,153.86789947617854
1809201,158.78643965709338
1809202,158.78643965709338
1809203,158.78643965709338
1809204,158.78643965709338
1809205,158.78643965709338
1809211,157.11781467036297
1809212,157.11781467036297
1809213,157.11781467036297
1809214,157.11781467036297
1809215,157.11781467036297
1809221,189.43063074366106
1809222,189.43063074366106
1809223,189.43063074366106
1809224,189.43063074366106
1809225,189.43063074366106
1809231,171.01104273082692
1809232,171.01104273082692
1809233,171.01104273082692
1809234,171.01104273082692
1809235,171.01104273082692
1809241,158.17471635621004
1809242,158.17471635621004
1809243,158.17471635621004
1809244,158.17471635621004
1809245,158.17471635621004
1809251,152.019101096955
1809252,152.019101096955
1809253,152.019101096955
1809254,152.019101096955
1809255,152.019101096955
1809261,146.9575513652514
1809262,146.9575513652514
1809263,146.9575513652514
1809264,146.9575513652514
1809265,146.9575513652514
1809271,158.41800840394794
1809272,158.41800840394794
1809273,158.41800840394794
1809274,158.41800840394794
1809275,158.41800840394794
1809281,156.5291349267641
1809282,156.5291349267641
1809283,156.5291349267641
1809284,156.5291349267641
1809285,156.5291349267641
1809291,188.09867900762129
1809292,188.09867900762129
1809293,188.09867900762129
1809294,188.09867900762129
1809295,188.09867900762129
1809301,176.92299571137872
1809302,176.92299571137872
1809303,176.92299571137872
1809304,176.92299571137872
1809305,176.92299571137872
1810011,158.80852571795467
1810012,158.80852571795467
1810013,158.80852571795467
1810014,158.80852571795467
1810015,158.80852571795467
1810021,142.2279508327278
1810022,142.2279508327278
1810023,142.2279508327278
1810024,142.2279508327278
1810025,142.2279508327278
1810031,152.9256047347113
1810032,152.9256047347113
1810033,152.9256047347113
1810034,152.9256047347113
1810035,152.9256047347113
1810041,157.80355218099643
1810042,157.80355218099643
1810043,157.80355218099643
1810044,157.80355218099643
1810045,157.80355218099643
1810051,168.42001444296395
1810052,168.42001444296395
1810053,168.42001444296395
1810054,168.42001444296395
1810055,168.42001444296395
1810061,185.5904105708634
1810062,185.5904105708634
1810063,185.5904105708634
1810064,185.5904105708634
1810065,185.5904105708634
1810071,170.40638873448577
1810072,170.40638873448577
1810073,170.40638873448577
1810074,170.40638873448577
1810075,170.40638873448577
1810081,166.34070477326642
1810082,166.34070477326642
1810083,166.34070477326642
1810084,166.34070477326642
1810085,166.34070477326642
1810091,174.66704892127837
1810092,174.66704892127837
1810093,174.66704892127837
1810094,174.66704892127837
1810095,174.66704892127837
1810101,174.29661039064217
1810102,174.29661039064217
1810103,174.29661039064217
1810104,174.29661039064217
1810105,174.29661039064217
1810111,177.07111847106526
1810112,177.07111847106526
1810113,177.07111847106526
1810114,177.07111847106526
1810115,177.07111847106526
1810121,180.13202858666097
1810122,180.13202858666097
1810123,180.13202858666097
1810124,180.13202858666097
1810125,180.13202858666097
1810131,211.4165967401093
1810132,211.4165967401093
1810133,211.4165967401093
1810134,211.4165967401093
1810135,211.4165967401093
1810141,192.34615393671695
1810142,192.34615393671695
1810143,192.34615393671695
1810144,192.34615393671695
1810145,192.34615393671695
1810151,176.525443490148
1810152,176.525443490148
1810153,176.525443490148
1810154,176.525443490148
1810155,176.525443490148
1810161,174.34669392340444
1810162,174.34669392340444
1810163,174.34669392340444
1810164,174.34669392340444
1810165,174.34669392340444
1810171,173.52688035077875
1810172,173.52688035077875
1810173,173.52688035077875
1810174,173.52688035077875
1810175,173.52688035077875
1810181,164.6652773505016
1810182,164.6652773505016
1810183,164.6652773505016
1810184,164.6652773505016
1810185,164.6652773505016
1810191,161.40414062392526
1810192,161.40414062392526
1810193,161.40414062392526
1810194,161.40414062392526
1810195,161.40414062392526
1810201,184.14235875181336
1810202,184.14235875181336
1810203,184.14235875181336
1810204,184.14235875181336
1810205,184.14235875181336
1810211,169.1673394249846
1810212,169.1673394249846
1810213,169.1673394249846
1810214,169.1673394249846
1810215,169.1673394249846
1810221,156.78786214843578
1810222,156.78786214843578
1810223,156.78786214843578
1810224,156.78786214843578
1810225,156.78786214843578
1810231,150.2013896735278
1810232,150.2013896735278
1810233,150.2013896735278
1810234,150.2013896735278
1810235,150.2013896735278
1810241,144.91781413770124
1810242,144.91781413770124
1810243,144.91781413770124
1810244,144.91781413770124
1810245,144.91781413770124
1810251,150.69818475350166
1810252,150.69818475350166
1810253,150.69818475350166
1810254,150.69818475350166
1810255,150.69818475350166
1810261,150.9665869153395
1810262,150.9665869153395
1810263,150.9665869153395
1810264,150.9665869153395
1810265,150.9665869153395
1810271,163.08789187247496
1810272,163.08789187247496
1810273,163.08789187247496
1810274,163.08789187247496
1810275,163.08789187247496
1810281,168.93701899142027
1810282,168.93701899142027
1810283,168.93701899142027
1810284,168.93701899142027
1810285,168.93701899142027
1810291,144.58919525500195
1810292,144.58919525500195
1810293,144.58919525500195
1810294,144.58919525500195
1810295,144.58919525500195
1810301,149.88976027508915
1810302,149.88976027508915
1810303,149.88976027508915
1810304,149.88976027508915
1810305,149.88976027508915
1811011,133.26876465061036
1811012,133.26876465061036
1811013,133.26876465061036
1811014,133.26876465061036
1811015,133.26876465061036
1811016,133.26876465061036
1811021,130.7163209518772
1811022,130.7163209518772
1811023,130.7163209518772
1811024,130.7163209518772
1811025,130.7163209518772
1811026,130.7163209518772
1811031,160.35881520375435
1811032,160.35881520375435
1811033,160.35881520375435
1811034,160.35881520375435
1811035,160.35881520375435
1811036,160.35881520375435
1811041,157.09733135017203
1811042,157.09733135017203
1811043,157.09733135017203
1811044,157.09733135017203
1811045,157.09733135017203
1811046,157.09733135017203
1811051,135.9669132227814
1811052,135.9669132227814
1811053,135.9669132227814
1811054,135.9669132227814
1811055,135.9669132227814
1811056,135.9669132227814
1811061,124.76069923508432
1811062,124.76069923508432
1811063,124.76069923508432
1811064,124.76069923508432
1811065,124.76069923508432
1811066,124.76069923508432
1811071,132.51703040284988
1811072,132.51703040284988
1811073,132.51703040284988
1811074,132.51703040284988
1811075,132.51703040284988
1811076,132.51703040284988
1811081,133.88034734903337
1811082,133.88034734903337
1811083,133.88034734903337
1811084,133.88034734903337
1811085,133.88034734903337
1811086,133.88034734903337
1811091,129.16992736028283
1811092,129.16992736028283
1811093,129.16992736028283
1811094,129.16992736028283
1811095,129.16992736028283
1811096,129.16992736028283
1811101,157.74185421105253
1811102,157.74185421105253
1811103,157.74185421105253
1811104,157.74185421105253
1811105,157.74185421105253
1811106,157.74185421105253
1811111,160.8325170507715
1811112,160.8325170507715
1811113,160.8325170507715
1811114,160.8325170507715
1811115,160.8325170507715
1811116,160.8325170507715
1811121,133.59564281604625
1811122,133.59564281604625
1811123,133.59564281604625
1811124,133.59564281604625
1811125,133.59564281604625
1811126,133.59564281604625
1811131,125.66270255567329
1811132,125.66270255567329
1811133,125.66270255567329
1811134,125.66270255567329
1811135,125.66270255567329
1811136,125.66270255567329
1811141,124.60072480152193
1811142,124.60072480152193
1811143,124.60072480152193
1811144,124.60072480152193
1811145,124.60072480152193
1811146,124.60072480152193
1811151,135.1686531416376
1811152,135.1686531416376
1811153,135.1686531416376
1811154,135.1686531416376
1811155,135.1686531416376
1811156,135.1686531416376
1811161,131.90682258557496
1811162,131.90682258557496
1811163,131.90682258557496
1811164,131.90682258557496
1811165,131.90682258557496
1811166,131.90682258557496
1811171,151.21813877021592
1811172,151.21813877021592
1811173,151.21813877021592
1811174,151.21813877021592
1811175,151.21813877021592
1811176,151.21813877021592
1811181,158.38512649044753
1811182,158.38512649044753
1811183,158.38512649044753
1811184,158.38512649044753
1811185,158.38512649044753
1811186,158.38512649044753
1811191,121.5762810588755
1811192,121.5762810588755
1811193,121.5762810588755
1811194,121.5762810588755
1811195,121.5762810588755
1811196,121.5762810588755
1811201,114.73101418377308
1811202,114.73101418377308
1811203,114.73101418377308
1811204,114.73101418377308
1811205,114.73101418377308
1811206,114.73101418377308
1811211,119.01973784793223
1811212,119.01973784793223
1811213,119.01973784793223
1811214,119.01973784793223
1811215,119.01973784793223
1811216,119.01973784793223
1811221,127.0801226799433
1811222,127.0801226799433
1811223,127.0801226799433
1811224,127.0801226799433
1811225,127.0801226799433
1811226,127.0801226799433
1811231,124.27349436831788
1811232,124.27349436831788
1811233,124.27349436831788
1811234,124.27349436831788
1811235,124.27349436831788
1811236,124.27349436831788
1811241,142.7741022803053
1811242,142.7741022803053
1811243,142.7741022803053
1811244,142.7741022803053
1811245,142.7741022803053
1811246,142.7741022803053
1811251,153.04165946635015
1811252,153.04165946635015
1811253,153.04165946635015
1811254,153.04165946635015
1811255,153.04165946635015
1811256,153.04165946635015
1811261,122.43946245592835
1811262,122.43946245592835
1811263,122.43946245592835
1811264,122.43946245592835
1811265,122.43946245592835
1811266,122.43946245592835
1811271,119.08085190837349
1811272,119.08085190837349
1811273,119.08085190837349
1811274,119.08085190837349
1811275,119.08085190837349
1811276,119.08085190837349
1811281,123.52965498570852
1811282,123.52965498570852
1811283,123.52965498570852
1811284,123.52965498570852
1811285,123.52965498570852
1811286,123.52965498570852
1811291,123.64522600150087
1811292,123.64522600150087
1811293,123.64522600150087
1811294,123.64522600150087
1811295,123.64522600150087
1811296,123.64522600150087
1811301,126.69326504433275
1811302,126.69326504433275
1811303,126.69326504433275
1811304,126.69326504433275
1811305,126.69326504433275
1811306,126.69326504433275
1812011,144.72521506297554
1812012,144.72521506297554
1812013,144.72521506297554
1812014,144.72521506297554
1812015,144.72521506297554
1812016,144.72521506297554
1812021,156.3507603943636
1812022,156.3507603943636
1812023,156.3507603943636
1812024,156.3507603943636
1812025,156.3507603943636
1812026,156.3507603943636
1812031,132.56495891181805
1812032,132.56495891181805
1812033,132.56495891181805
1812034,132.56495891181805
1812035,132.56495891181805
1812036,132.56495891181805
1812041,125.77804194442382
1812042,125.77804194442382
1812043,125.77804194442382
1812044,125.77804194442382
1812045,125.77804194442382
1812046,125.77804194442382
1812051,124.71096536627913
1812052,124.71096536627913
1812053,124.71096536627913
1812054,124.71096536627913
1812055,124.71096536627913
1812056,124.71096536627913
1812061,123.98599531003447
1812062,123.98599531003447
1812063,123.98599531003447
1812064,123.98599531003447
1812065,123.98599531003447
1812066,123.98599531003447
1812071,129.1448564821217
1812072,129.1448564821217
1812073,129.1448564821217
1812074,129.1448564821217
1812075,129.1448564821217
1812076,129.1448564821217
1812081,144.24856384994803
1812082,144.24856384994803
1812083,144.24856384994803
1812084,144.24856384994803
1812085,144.24856384994803
1812086,144.24856384994803
1812091,157.16564417464866
1812092,157.16564417464866
1812093,157.16564417464866
1812094,157.16564417464866
1812095,157.16564417464866
1812096,157.16564417464866
1812101,126.67885209061679
1812102,126.67885209061679
1812103,126.67885209061679
1812104,126.67885209061679
1812105,126.67885209061679
1812106,126.67885209061679
1812111,122.53763087661609
1812112,122.53763087661609
1812113,122.53763087661609
1812114,122.53763087661609
1812115,122.53763087661609
1812116,122.53763087661609
1812121,120.38913899399151
1812122,120.38913899399151
1812123,120.38913899399151
1812124,120.38913899399151
1812125,120.38913899399151
1812126,120.38913899399151
1812131,125.92685207662592
1812132,125.92685207662592
1812133,125.92685207662592
1812134,125.92685207662592
1812135,125.92685207662592
1812136,125.92685207662592
1812141,124.22329315388008
1812142,124.22329315388008
1812143,124.22329315388008
1812144,124.22329315388008
1812145,124.22329315388008
1812146,124.22329315388008
1812151,142.82728623690463
1812152,142.82728623690463
1812153,142.82728623690463
1812154,142.82728623690463
1812155,142.82728623690463
1812156,142.82728623690463
1812161,149.0253669522597
1812162,149.0253669522597
1812163,149.0253669522597
1812164,149.0253669522597
1812165,149.0253669522597
1812166,149.0253669522597
1812171,126.70668143014679
1812172,126.70668143014679
1812173,126.70668143014679
1812174,126.70668143014679
1812175,126.70668143014679
1812176,126.70668143014679
1812181,118.5544811490134
1812182,118.5544811490134
1812183,118.5544811490134
1812184,118.5544811490134
1812185,118.5544811490134
1812186,118.5544811490134
1812191,119.733817320608
1812192,119.733817320608
1812193,119.733817320608
1812194,119.733817320608
1812195,119.733817320608
1812196,119.733817320608
1812201,124.06959647465683
1812202,124.06959647465683
1812203,124.06959647465683
1812204,124.06959647465683
1812205,124.06959647465683
1812206,124.06959647465683
1812211,123.81658497581431
1812212,123.81658497581431
1812213,123.81658497581431
1812214,123.81658497581431
1812215,123.81658497581431
1812216,123.81658497581431
1812221,142.45889666685733
1812222,142.45889666685733
1812223,142.45889666685733
1812224,142.45889666685733
1812225,142.45889666685733
1812226,142.45889666685733
1812231,155.045313998464
1812232,155.045313998464
1812233,155.045313998464
1812234,155.045313998464
1812235,155.045313998464
1812236,155.045313998464
1812241,127.09236580787474
1812242,127.09236580787474
1812243,127.09236580787474
1812244,127.09236580787474
1812245,127.09236580787474
1812246,127.09236580787474
1812271,124.96339717470794
1812272,124.96339717470794
1812273,124.96339717470794
1812274,124.96339717470794
1812275,124.96339717470794
1812276,124.96339717470794
1812281,124.1372877003722
1812282,124.1372877003722
1812283,124.1372877003722
1812284,124.1372877003722
1812285,124.1372877003722
1812286,124.1372877003722
1812291,145.17209778023033
1812292,145.17209778023033
1812293,145.17209778023033
1812294,145.17209778023033
1812295,145.17209778023033
1812301,164.9441051007247
1812302,164.9441051007247
1812303,164.9441051007247
1812304,164.9441051007247
1812305,164.9441051007247
1812311,125.7267966392064
1812312,125.7267966392064
1812313,125.7267966392064
1812315,125.7267966392064
1901021,120.29274985649909
1901022,120.29274985649909
1901023,120.29274985649909
1901024,120.29274985649909
1901025,120.29274985649909
1901031,125.34426445188032
1901032,125.34426445188032
1901033,125.34426445188032
1901034,125.34426445188032
1901035,125.34426445188032
1901041,119.70212763250386
1901042,119.70212763250386
1901043,119.70212763250386
1901044,119.70212763250386
1901045,119.70212763250386
1901051,148.35980971036972
1901052,148.35980971036972
1901053,148.35980971036972
1901054,148.35980971036972
1901055,148.35980971036972
1901061,150.69745898213708
1901062,150.69745898213708
1901063,150.69745898213708
1901064,150.69745898213708
1901065,150.69745898213708
1901071,123.56594303084981
1901072,123.56594303084981
1901073,123.56594303084981
1901074,123.56594303084981
1901075,123.56594303084981
1901081,115.38240862675597
1901082,115.38240862675597
1901083,115.38240862675597
1901084,115.38240862675597
1901085,115.38240862675597
1901091,113.38158414331883
1901092,113.38158414331883
1901093,113.38158414331883
1901094,113.38158414331883
1901095,113.38158414331883
1901101,121.65111956875643
1901102,121.65111956875643
1901103,121.65111956875643
1901104,121.65111956875643
1901105,121.65111956875643
1901111,121.16774959543831
1901112,121.16774959543831
1901113,121.16774959543831
1901114,121.16774959543831
1901115,121.16774959543831
1901121,145.24967915475042
1901122,145.24967915475042
1901123,145.24967915475042
1901124,145.24967915475042
1901125,145.24967915475042
1901131,159.84292321094708
1901132,159.84292321094708
1901133,159.84292321094708
1901134,159.84292321094708
1901135,159.84292321094708
1901141,125.78169470414704
1901142,125.78169470414704
1901143,125.78169470414704
1901144,125.78169470414704
1901145,125.78169470414704
1901151,113.27396842616103
1901152,113.27396842616103
1901153,113.27396842616103
1901154,113.27396842616103
1901155,113.27396842616103
1901161,113.83902452528402
1901162,113.83902452528402
1901163,113.83902452528402
1901164,113.83902452528402
1901165,113.83902452528402
1901171,118.67857222894636
1901172,118.67857222894636
1901173,118.67857222894636
1901174,118.67857222894636
1901175,118.67857222894636
1901181,124.47293363166905
1901182,124.47293363166905
1901183,124.47293363166905
1901184,124.47293363166905
1901185,124.47293363166905
1901191,147.61781574025306
1901192,147.61781574025306
1901193,147.61781574025306
1901194,147.61781574025306
1901195,147.61781574025306
1901201,158.31245113506637
1901202,158.31245113506637
1901203,158.31245113506637
1901204,158.31245113506637
1901205,158.31245113506637
1901211,122.11878843106219
1901212,122.11878843106219
1901213,122.11878843106219
1901214,122.11878843106219
1901215,122.11878843106219
1901221,117.30392658209897
1901222,117.30392658209897
1901223,117.30392658209897
1901224,117.30392658209897
1901225,117.30392658209897
1901231,116.98110177237847
1901232,116.98110177237847
1901233,116.98110177237847
1901234,116.98110177237847
1901235,116.98110177237847
1901241,124.2102591580975
1901242,124.2102591580975
1901243,124.2102591580975
1901244,124.2102591580975
1901245,124.2102591580975
1901251,121.14494244329079
1901252,121.14494244329079
1901253,121.14494244329079
1901254,121.14494244329079
1901255,121.14494244329079
1901261,142.9652511593126
1901262,142.9652511593126
1901263,142.9652511593126
1901264,142.9652511593126
1901265,142.9652511593126
1901271,152.1892652105261
1901272,152.1892652105261
1901273,152.1892652105261
1901274,152.1892652105261
1901275,152.1892652105261
1901281,123.24511814858806
1901282,123.24511814858806
1901283,123.24511814858806
1901284,123.24511814858806
1901285,123.24511814858806
1901291,116.44668104808464
1901292,116.44668104808464
1901293,116.44668104808464
1901294,116.44668104808464
1901295,116.44668104808464
1901301,115.02304365505788
1901302,115.02304365505788
1901303,115.02304365505788
1901304,115.02304365505788
1901305,115.02304365505788
1901311,122.5524490036357
1901312,122.5524490036357
1901313,122.5524490036357
1901314,122.5524490036357
1901315,122.5524490036357
1902011,134.28058215939123
1902012,134.28058215939123
1902013,134.28058215939123
1902014,134.28058215939123
1902015,134.28058215939123
1902021,159.99563111189252
1902022,159.99563111189252
1902023,159.99563111189252
1902024,159.99563111189252
1902025,159.99563111189252
1902031,166.01632459016736
1902032,166.01632459016736
1902033,166.01632459016736
1902034,166.01632459016736
1902035,166.01632459016736
1902041,124.4308575020243
1902042,124.4308575020243
1902043,124.4308575020243
1902044,124.4308575020243
1902045,124.4308575020243
1902051,121.12226848291436
1902052,121.12226848291436
1902053,121.12226848291436
1902054,121.12226848291436
1902055,121.12226848291436
1902061,120.49571798098516
1902062,120.49571798098516
1902063,120.49571798098516
1902064,120.49571798098516
1902065,120.49571798098516
1902071,130.6565453314558
1902072,130.6565453314558
1902073,130.6565453314558
1902074,130.6565453314558
1902075,130.6565453314558
1902081,134.01743825414218
1902082,134.01743825414218
1902083,134.01743825414218
1902084,134.01743825414218
1902085,134.01743825414218
1902091,160.96990758546866
1902092,160.96990758546866
1902093,160.96990758546866
1902094,160.96990758546866
1902095,160.96990758546866
1902101,158.60915888429182
1902102,158.60915888429182
1902103,158.60915888429182
1902104,158.60915888429182
1902105,158.60915888429182
1902111,131.87619853041303
1902112,131.87619853041303
1902113,131.87619853041303
1902114,131.87619853041303
1902115,131.87619853041303
1902121,129.9085228729396
1902122,129.9085228729396
1902123,129.9085228729396
1902124,129.9085228729396
1902125,129.9085228729396
1902131,130.22214432172998
1902132,130.22214432172998
1902133,130.22214432172998
1902134,130.22214432172998
1902135,130.22214432172998
1902141,136.56722237789404
1902142,136.56722237789404
1902143,136.56722237789404
1902144,136.56722237789404
1902145,136.56722237789404
1902151,140.97767490436723
1902152,140.97767490436723
1902153,140.97767490436723
1902154,140.97767490436723
1902155,140.97767490436723
1902161,176.92670351688867
1902162,176.92670351688867
1902163,176.92670351688867
1902164,176.92670351688867
1902165,176.92670351688867
1902171,169.90069750859757
1902172,169.90069750859757
1902173,169.90069750859757
1902174,169.90069750859757
1902175,169.90069750859757
1902181,143.98810535584272
1902182,143.98810535584272
1902183,143.98810535584272
1902184,143.98810535584272
1902185,143.98810535584272
1902191,118.68015167492801
1902192,118.68015167492801
1902193,118.68015167492801
1902194,118.68015167492801
1902195,118.68015167492801
1902201,124.44646029843274
1902202,124.44646029843274
1902203,124.44646029843274
1902204,124.44646029843274
1902205,124.44646029843274
1902211,131.75064279621915
1902212,131.75064279621915
1902213,131.75064279621915
1902214,131.75064279621915
1902215,131.75064279621915
1902221,131.9764355296599
1902222,131.9764355296599
1902223,131.9764355296599
1902224,131.9764355296599
1902225,131.9764355296599
1902231,156.85486220270278
1902232,156.85486220270278
1902233,156.85486220270278
1902234,156.85486220270278
1902235,156.85486220270278
1902241,172.28479136200653
1902242,172.28479136200653
1902243,172.28479136200653
1902244,172.28479136200653
1902245,172.28479136200653
1902251,142.85279986123737
1902252,142.85279986123737
1902253,142.85279986123737
1902254,142.85279986123737
1902255,142.85279986123737
1902261,140.27366980220225
1902262,140.27366980220225
1902263,140.27366980220225
1902264,140.27366980220225
1902265,140.27366980220225
1902271,142.34681998902204
1902272,142.34681998902204
1902273,142.34681998902204
1902274,142.34681998902204
1902275,142.34681998902204
1902281,134.70757626409937
1902282,134.70757626409937
1902283,134.70757626409937
1902284,134.70757626409937
1902285,134.70757626409937
1903011,133.34697134972174
1903012,133.34697134972174
1903013,133.34697134972174
1903014,133.34697134972174
1903015,133.34697134972174
1903021,159.33332204435536
1903022,159.33332204435536
1903023,159.33332204435536
1903024,159.33332204435536
1903025,159.33332204435536
1903031,161.83989567001765
1903032,161.83989567001765
1903033,161.83989567001765
1903034,161.83989567001765
1903035,161.83989567001765
1903041,124.14281326174184
1903042,124.14281326174184
1903043,124.14281326174184
1903044,124.14281326174184
1903045,124.14281326174184
1903051,121.53154728739376
1903052,121.53154728739376
1903053,121.53154728739376
1903054,121.53154728739376
1903055,121.53154728739376
1903061,125.25085130219682
1903062,125.25085130219682
1903063,125.25085130219682
1903064,125.25085130219682
1903065,125.25085130219682
1903071,134.32650991596287
1903072,134.32650991596287
1903073,134.32650991596287
1903074,134.32650991596287
1903075,134.32650991596287
1903081,133.31640887324002
1903082,133.31640887324002
1903083,133.31640887324002
1903084,133.31640887324002
1903085,133.31640887324002
1903091,161.65246322334116
1903092,161.65246322334116
1903093,161.65246322334116
1903094,161.65246322334116
1903095,161.65246322334116
1903101,160.78321079982385
1903102,160.78321079982385
1903103,160.78321079982385
1903104,160.78321079982385
1903105,160.78321079982385
1903111,126.92321668918441
1903112,126.92321668918441
1903113,126.92321668918441
1903114,126.92321668918441
1903115,126.92321668918441
1903121,122.41724027605548
1903122,122.41724027605548
1903123,122.41724027605548
1903124,122.41724027605548
1903125,122.41724027605548
1903131,120.3194679893432
1903132,120.3194679893432
1903133,120.3194679893432
1903134,120.3194679893432
1903135,120.3194679893432
1903141,132.89499233152097
1903142,132.89499233152097
1903143,132.89499233152097
1903144,132.89499233152097
1903145,132.89499233152097
1903151,133.66810953186788
1903152,133.66810953186788
1903153,133.66810953186788
1903154,133.66810953186788
1903155,133.66810953186788
1903161,160.9598383388627
1903162,160.9598383388627
1903163,160.9598383388627
1903164,160.9598383388627
1903165,160.9598383388627
1903171,163.19873737044654
1903172,163.19873737044654
1903173,163.19873737044654
1903174,163.19873737044654
1903175,163.19873737044654
1903181,125.33611730689374
1903182,125.33611730689374
1903183,125.33611730689374
1903184,125.33611730689374
1903185,125.33611730689374
1903191,132.05703862859468
1903192,132.05703862859468
1903193,132.05703862859468
1903194,132.05703862859468
1903195,132.05703862859468
1903211,135.07110226116782
1903212,135.07110226116782
1903213,135.07110226116782
1903214,135.07110226116782
1903215,135.07110226116782
1903221,134.91108949665636
1903222,134.91108949665636
1903223,134.91108949665636
1903224,134.91108949665636
1903225,134.91108949665636
1903231,172.8272188882439
1903232,172.8272188882439
1903233,172.8272188882439
1903234,172.8272188882439
1903235,172.8272188882439
1903241,162.46991561900532
1903242,162.46991561900532
1903243,162.46991561900532
1903244,162.46991561900532
1903245,162.46991561900532
1903251,131.4033132992018
1903252,131.4033132992018
1903253,131.4033132992018
1903254,131.4033132992018
1903255,131.4033132992018
1903261,127.57056250230019
1903262,127.57056250230019
1903263,127.57056250230019
1903264,127.57056250230019
1903265,127.57056250230019
1903271,123.45889019414734
1903272,123.45889019414734
1903273,123.45889019414734
1903274,123.45889019414734
1903275,123.45889019414734
1903281,137.10413259586866
1903282,137.10413259586866
1903283,137.10413259586866
1903284,137.10413259586866
1903285,137.10413259586866
1903291,137.12248357640073
1903292,137.12248357640073
1903293,137.12248357640073
1903294,137.12248357640073
1903295,137.12248357640073
1903301,194.19953325355073
1903302,194.19953325355073
1903303,194.19953325355073
1903304,194.19953325355073
1903305,194.19953325355073
1903311,166.69529995023683
1903312,166.69529995023683
1903313,166.69529995023683
1903314,166.69529995023683
1903315,166.69529995023683
1904011,145.42161518888835
1904012,145.42161518888835
1904013,145.42161518888835
1904014,145.42161518888835
1904015,145.42161518888835
1904021,143.3975427429546
1904022,143.3975427429546
1904023,143.3975427429546
1904024,143.3975427429546
1904025,143.3975427429546
1904041,144.7815576204085
1904042,144.7815576204085
1904043,144.7815576204085
1904044,144.7815576204085
1904045,144.7815576204085
1904051,144.75844022071493
1904052,144.75844022071493
1904053,144.75844022071493
1904054,144.75844022071493
1904055,144.75844022071493
1904061,193.92388566752496
1904062,193.92388566752496
1904063,193.92388566752496
1904064,193.92388566752496
1904065,193.92388566752496
1904071,178.56212796220342
1904072,178.56212796220342
1904073,178.56212796220342
1904074,178.56212796220342
1904075,178.56212796220342
1904081,144.54393272207685
1904082,144.54393272207685
1904083,144.54393272207685
1904084,144.54393272207685
1904085,144.54393272207685
1904091,139.39061128777098
1904092,139.39061128777098
1904093,139.39061128777098
1904094,139.39061128777098
1904095,139.39061128777098
1904101,139.90070955266972
1904102,139.90070955266972
1904103,139.90070955266972
1904104,139.90070955266972
1904105,139.90070955266972
1904111,144.41280250120798
1904112,144.41280250120798
1904113,144.41280250120798
1904114,144.41280250120798
1904115,144.41280250120798
1904121,143.71447649038547
1904122,143.71447649038547
1904123,143.71447649038547
1904124,143.71447649038547
1904125,143.71447649038547
1904131,177.6473491099183
1904132,177.6473491099183
1904133,177.6473491099183
1904134,177.6473491099183
1904135,177.6473491099183
1904141,168.08653279197205
1904142,168.08653279197205
1904143,168.08653279197205
1904144,168.08653279197205
1904145,168.08653279197205
1904151,144.88938618402676
1904152,144.88938618402676
1904153,144.88938618402676
1904154,144.88938618402676
1904155,144.88938618402676
1904161,137.84820923770994
1904162,137.84820923770994
1904163,137.84820923770994
1904164,137.84820923770994
1904165,137.84820923770994
1904171,141.4892658123608
1904172,141.4892658123608
1904173,141.4892658123608
1904174,141.4892658123608
1904175,141.4892658123608
1904181,145.928609926503
1904182,145.928609926503
1904183,145.928609926503
1904184,145.928609926503
1904185,145.928609926503
1904201,193.84007384686691
1904202,193.84007384686691
1904203,193.84007384686691
1904204,193.84007384686691
1904205,193.84007384686691
1904211,189.9133140108801
1904212,189.9133140108801
1904213,189.9133140108801
1904214,189.9133140108801
1904215,189.9133140108801
1904221,159.02390564297735
1904222,159.02390564297735
1904223,159.02390564297735
1904224,159.02390564297735
1904225,159.02390564297735
1904231,141.2778456268075
1904232,141.2778456268075
1904233,141.2778456268075
1904234,141.2778456268075
1904235,141.2778456268075
1904241,154.1203846609455
1904242,154.1203846609455
1904243,154.1203846609455
1904244,154.1203846609455
1904245,154.1203846609455
1904251,158.17531522821227
1904252,158.17531522821227
1904253,158.17531522821227
1904254,158.17531522821227
1904255,158.17531522821227
1904261,148.74026647079035
1904262,148.74026647079035
1904263,148.74026647079035
1904264,148.74026647079035
1904265,148.74026647079035
1904271,207.21428353651018
1904272,207.21428353651018
1904273,207.21428353651018
1904274,207.21428353651018
1904275,207.21428353651018
1904281,168.86854283282403
1904282,168.86854283282403
1904283,168.86854283282403
1904284,168.86854283282403
1904285,168.86854283282403
1904291,148.29071667901968
1904292,148.29071667901968
1904293,148.29071667901968
1904294,148.29071667901968
1904295,148.29071667901968
1904301,151.97333248871598
1904302,151.97333248871598
1904303,151.97333248871598
1904304,151.97333248871598
1904305,151.97333248871598
1905021,147.362010233447
1905022,147.362010233447
1905023,147.362010233447
1905024,147.362010233447
1905025,147.362010233447
1905031,150.55819844888364
1905032,150.55819844888364
1905033,150.55819844888364
1905034,150.55819844888364
1905035,150.55819844888364
1905041,180.53814846451886
1905042,180.53814846451886
1905043,180.53814846451886
1905044,180.53814846451886
1905045,180.53814846451886
1905051,179.14738764097024
1905052,179.14738764097024
1905053,179.14738764097024
1905054,179.14738764097024
1905055,179.14738764097024
1905061,148.51200065389267
1905062,148.51200065389267
1905063,148.51200065389267
1905064,148.51200065389267
1905065,148.51200065389267
1905071,145.6612702658763
1905072,145.6612702658763
1905073,145.6612702658763
1905074,145.6612702658763
1905075,145.6612702658763
1905081,148.2783206058807
1905082,148.2783206058807
1905083,148.2783206058807
1905084,148.2783206058807
1905085,148.2783206058807
1905091,152.8512297149518
1905092,152.8512297149518
1905093,152.8512297149518
1905094,152.8512297149518
1905095,152.8512297149518
1905101,152.397001649746
1905102,152.397001649746
1905103,152.397001649746
1905104,152.397001649746
1905105,152.397001649746
1905111,194.23900526522934
1905112,194.23900526522934
1905113,194.23900526522934
1905114,194.23900526522934
1905115,194.23900526522934
1905121,181.94854151669432
1905122,181.94854151669432
1905123,181.94854151669432
1905124,181.94854151669432
1905125,181.94854151669432
1905131,162.31659751927597
1905132,162.31659751927597
1905133,162.31659751927597
1905134,162.31659751927597
1905135,162.31659751927597
1905141,155.30363584605
1905142,155.30363584605
1905143,155.30363584605
1905144,155.30363584605
1905145,155.30363584605
1905151,149.52722173515428
1905152,149.52722173515428
1905153,149.52722173515428
1905154,149.52722173515428
1905155,149.52722173515428
1905161,152.2313903090457
1905162,152.2313903090457
1905163,152.2313903090457
1905164,152.2313903090457
1905165,152.2313903090457
1905171,159.12083399155398
1905172,159.12083399155398
1905173,159.12083399155398
1905174,159.12083399155398
1905175,159.12083399155398
1905181,212.67901469550077
1905182,212.67901469550077
1905183,212.67901469550077
1905184,212.67901469550077
1905185,212.67901469550077
1905191,180.57240295848317
1905192,180.57240295848317
1905193,180.57240295848317
1905194,180.57240295848317
1905195,180.57240295848317
1905201,167.44285698736658
1905202,167.44285698736658
1905203,167.44285698736658
1905204,167.44285698736658
1905205,167.44285698736658
1905211,155.81464151989152
1905212,155.81464151989152
1905213,155.81464151989152
1905214,155.81464151989152
1905215,155.81464151989152
1905221,142.3591698019733
1905222,142.3591698019733
1905223,142.3591698019733
1905224,142.3591698019733
1905225,142.3591698019733
1905231,160.0350246825721
1905232,160.0350246825721
1905233,160.0350246825721
1905234,160.0350246825721
1905235,160.0350246825721
1905241,169.9270799354496
1905242,169.9270799354496
1905243,169.9270799354496
1905244,169.9270799354496
1905245,169.9270799354496
1905251,192.89284939606682
1905252,192.89284939606682
1905253,192.89284939606682
1905254,192.89284939606682
1905255,192.89284939606682
1905261,175.17999259467774
1905262,175.17999259467774
1905263,175.17999259467774
1905264,175.17999259467774
1905265,175.17999259467774
1905271,166.07344516792577
1905272,166.07344516792577
1905273,166.07344516792577
1905274,166.07344516792577
1905275,166.07344516792577
1905281,150.52313389876306
1905282,150.52313389876306
1905283,150.52313389876306
1905284,150.52313389876306
1905285,150.52313389876306
1905291,149.81469506331382
1905292,149.81469506331382
1905293,149.81469506331382
1905294,149.81469506331382
1905295,149.81469506331382
1905301,153.86969070334487
1905302,153.86969070334487
1905303,153.86969070334487
1905304,153.86969070334487
1905305,153.86969070334487
1905311,169.36888057010978
1905312,169.36888057010978
1905313,169.36888057010978
1905314,169.36888057010978
1905315,169.36888057010978
1906011,214.5880506245795
1906012,214.5880506245795
1906013,214.5880506245795
1906014,214.5880506245795
1906015,214.5880506245795
1906021,192.5032695425991
1906022,192.5032695425991
1906023,192.5032695425991
1906024,192.5032695425991
1906025,192.5032695425991
1906031,170.48190231678677
1906032,170.48190231678677
1906033,170.48190231678677
1906034,170.48190231678677
1906035,170.48190231678677
1906041,156.88322788447235
1906042,156.88322788447235
1906043,156.88322788447235
1906044,156.88322788447235
1906045,156.88322788447235
1906051,158.55229414804296
1906052,158.55229414804296
1906053,158.55229414804296
1906054,158.55229414804296
1906055,158.55229414804296
1906061,163.7350902721547
1906062,163.7350902721547
1906063,163.7350902721547
1906064,163.7350902721547
1906065,163.7350902721547
1906071,167.65942548739426
1906072,167.65942548739426
1906073,167.65942548739426
1906074,167.65942548739426
1906075,167.65942548739426
1906081,210.65486283543794
1906082,210.65486283543794
1906083,210.65486283543794
1906084,210.65486283543794
1906085,210.65486283543794
1906091,190.32785113011826
1906092,190.32785113011826
1906093,190.32785113011826
1906094,190.32785113011826
1906095,190.32785113011826
1906101,167.75317943597452
1906102,167.75317943597452
1906103,167.75317943597452
1906104,167.75317943597452
1906105,167.75317943597452
1906111,157.88073266441694
1906112,157.88073266441694
1906113,157.88073266441694
1906114,157.88073266441694
1906115,157.88073266441694
1906121,156.5387153655367
1906122,156.5387153655367
1906123,156.5387153655367
1906124,156.5387153655367
1906125,156.5387153655367
1906131,161.85686741925755
1906132,161.85686741925755
1906133,161.85686741925755
1906134,161.85686741925755
1906135,161.85686741925755
1906141,168.53378991344192
1906142,168.53378991344192
1906143,168.53378991344192
1906144,168.53378991344192
1906145,168.53378991344192
1906151,214.40236437338683
1906152,214.40236437338683
1906153,214.40236437338683
1906154,214.40236437338683
1906155,214.40236437338683
1906161,190.7871211899066
1906162,190.7871211899066
1906163,190.7871211899066
1906164,190.7871211899066
1906165,190.7871211899066
1906171,169.79595430831876
1906172,169.79595430831876
1906173,169.79595430831876
1906174,169.79595430831876
1906175,169.79595430831876
1906181,161.68736077873444
1906182,161.68736077873444
1906183,161.68736077873444
1906184,161.68736077873444
1906185,161.68736077873444
1906191,160.85152345369696
1906192,160.85152345369696
1906193,160.85152345369696
1906194,160.85152345369696
1906195,160.85152345369696
1906201,161.52262833843156
1906202,161.52262833843156
1906203,161.52262833843156
1906204,161.52262833843156
1906205,161.52262833843156
1906211,167.35065457597798
1906212,167.35065457597798
1906213,167.35065457597798
1906214,167.35065457597798
1906215,167.35065457597798
1906221,211.987409741115
1906222,211.987409741115
1906223,211.987409741115
1906224,211.987409741115
1906225,211.987409741115
1906231,194.29557562854646
1906232,194.29557562854646
1906233,194.29557562854646
1906234,194.29557562854646
1906235,194.29557562854646
1906241,169.93813282757594
1906242,169.93813282757594
1906243,169.93813282757594
1906244,169.93813282757594
1906245,169.93813282757594
1906251,162.8353671499832
1906252,162.8353671499832
1906253,162.8353671499832
1906254,162.8353671499832
1906255,162.8353671499832
1906261,160.3240480182394
1906262,160.3240480182394
1906263,160.3240480182394
1906264,160.3240480182394
1906265,160.3240480182394
1906271,162.02035576586943
1906272,162.02035576586943
1906273,162.02035576586943
1906274,162.02035576586943
1906275,162.02035576586943
1906281,168.5636515144973
1906282,168.5636515144973
1906283,168.5636515144973
1906284,168.5636515144973
1906285,168.5636515144973
1906291,213.4342192498025
1906292,213.4342192498025
1906293,213.4342192498025
1906294,213.4342192498025
1906295,213.4342192498025
1906301,197.17914677154553
1906302,197.17914677154553
1906303,197.17914677154553
1906304,197.17914677154553
1906305,197.17914677154553
1907011,174.74024477787913
1907012,174.74024477787913
1907013,174.74024477787913
1907014,174.74024477787913
1907015,174.74024477787913
1907021,162.59773164535042
1907022,162.59773164535042
1907023,162.59773164535042
1907024,162.59773164535042
1907025,162.59773164535042
1907031,163.23576822641184
1907032,163.23576822641184
1907033,163.23576822641184
1907034,163.23576822641184
1907035,163.23576822641184
1907041,166.71674636365208
1907042,166.71674636365208
1907043,166.71674636365208
1907044,166.71674636365208
1907045,166.71674636365208
1907051,173.55825367169874
1907052,173.55825367169874
1907053,173.55825367169874
1907054,173.55825367169874
1907055,173.55825367169874
1907061,210.9876211694367
1907062,210.9876211694367
1907063,210.9876211694367
1907064,210.9876211694367
1907065,210.9876211694367
1907071,180.96647935175744
1907072,180.96647935175744
1907073,180.96647935175744
1907074,180.96647935175744
1907075,180.96647935175744
1907081,172.18740892362283
1907082,172.18740892362283
1907083,172.18740892362283
1907084,172.18740892362283
1907085,172.18740892362283
1907091,164.59768897385425
1907092,164.59768897385425
1907093,164.59768897385425
1907094,164.59768897385425
1907095,164.59768897385425
1907111,167.9699109985464
1907112,167.9699109985464
1907113,167.9699109985464
1907114,167.9699109985464
1907115,167.9699109985464
1907121,172.80227764072507
1907122,172.80227764072507
1907123,172.80227764072507
1907124,172.80227764072507
1907125,172.80227764072507
1907131,213.46215824061767
1907132,213.46215824061767
1907133,213.46215824061767
1907134,213.46215824061767
1907135,213.46215824061767
1907141,192.52393700983086
1907142,192.52393700983086
1907143,192.52393700983086
1907144,192.52393700983086
1907145,192.52393700983086
1907151,174.0230081519405
1907152,174.0230081519405
1907153,174.0230081519405
1907154,174.0230081519405
1907155,174.0230081519405
1907161,163.3116676983445
1907162,163.3116676983445
1907163,163.3116676983445
1907164,163.3116676983445
1907165,163.3116676983445
1907171,164.74212231267413
1907172,164.74212231267413
1907173,164.74212231267413
1907174,164.74212231267413
1907175,164.74212231267413
1907181,172.62821072999103
1907182,172.62821072999103
1907183,172.62821072999103
1907184,172.62821072999103
1907185,172.62821072999103
1907191,175.3261959525758
1907192,175.3261959525758
1907193,175.3261959525758
1907194,175.3261959525758
1907195,175.3261959525758
1907201,214.12020586878532
1907202,214.12020586878532
1907203,214.12020586878532
1907204,214.12020586878532
1907205,214.12020586878532
1907211,196.3804737445894
1907212,196.3804737445894
1907213,196.3804737445894
1907214,196.3804737445894
1907215,196.3804737445894
1907221,175.5367964773216
1907222,175.5367964773216
1907223,175.5367964773216
1907224,175.5367964773216
1907225,175.5367964773216
1907231,171.70327534602777
1907232,171.70327534602777
1907233,171.70327534602777
1907234,171.70327534602777
1907235,171.70327534602777
1907241,171.35774065967286
1907242,171.35774065967286
1907243,171.35774065967286
1907244,171.35774065967286
1907245,171.35774065967286
1907251,170.65756548421285
1907252,170.65756548421285
1907253,170.65756548421285
1907254,170.65756548421285
1907255,170.65756548421285
1907261,178.63435329992495
1907262,178.63435329992495
1907263,178.63435329992495
1907264,178.63435329992495
1907265,178.63435329992495
1907271,215.78515909379018
1907272,215.78515909379018
1907273,215.78515909379018
1907274,215.78515909379018
1907275,215.78515909379018
1907281,198.58843527389524
1907282,198.58843527389524
1907283,198.58843527389524
1907284,198.58843527389524
1907285,198.58843527389524
1907291,178.25629283538234
1907292,178.25629283538234
1907293,178.25629283538234
1907294,178.25629283538234
1907295,178.25629283538234
1907301,165.77133102197277
1907302,165.77133102197277
1907303,165.77133102197277
1907304,165.77133102197277
1907305,165.77133102197277
